timestamp,side,fill_price,fill_qty,realized_pnl,position,pnl
2025-04-14 10:18:47,sell,1.52,2091,0.0,-2091,0.0
2025-04-14 10:23:28,sell,1.53,9700,0.0,-11791,0.0
2025-04-14 10:41:54,sell,1.52,1800,0.0,-13591,0.0
2025-04-14 10:42:16,sell,1.52,5095,0.0,-18686,0.0
2025-04-14 10:42:16,sell,1.52,714,0.0,-19400,0.0
2025-04-14 12:12:50,buy,1.53,0,-42.83500000000099,-10833,-42.83500000000099
2025-04-14 12:12:50,buy,1.53,0,-5.665000000000131,-9700,-48.50000000000112
2025-04-14 14:28:08,buy,1.53,0,-19.57500000000045,-5785,-68.07500000000158
2025-04-14 14:28:08,buy,1.53,0,-16.255000000000376,-2534,-84.33000000000196
2025-04-14 14:55:00,buy,1.53,0,-12.670000000000293,0,-97.00000000000225
2025-04-15 10:30:21,buy,1.52,340,0.0,340,-97.00000000000225
2025-04-15 10:30:21,buy,1.52,9360,0.0,9700,-97.00000000000225
2025-04-15 12:25:58,sell,1.54,0,3.9000000000000035,9505,-93.10000000000224
2025-04-15 12:25:58,sell,1.54,0,94.60000000000008,4775,1.49999999999784
2025-04-15 12:26:11,sell,1.54,0,46.04000000000004,2473,47.53999999999788
2025-04-15 12:26:33,sell,1.54,0,49.46000000000004,0,96.99999999999793
2025-04-16 10:10:24,sell,1.53,5000,0.0,-5000,96.99999999999793
2025-04-16 14:55:00,buy,1.53,0,0.0,0,96.99999999999793
2025-04-17 10:35:19,buy,1.52,9700,0.0,9700,96.99999999999793
2025-04-17 14:44:30,buy,1.5,9700,0.0,19400,96.99999999999793
2025-04-17 14:55:01,sell,1.52,0,194.00000000000017,0,290.99999999999807
2025-04-21 10:39:35,buy,1.49,3360,0.0,3360,290.99999999999807
2025-04-21 12:50:37,sell,1.49,6340,0.0,-6340,290.99999999999807
2025-04-21 14:55:00,buy,1.48,0,63.400000000000055,0,354.3999999999981
2025-04-23 10:15:54,sell,1.5,5,0.0,-5,354.3999999999981
2025-04-23 14:55:00,buy,1.5,0,0.0,0,354.3999999999981
2025-04-24 14:35:58,buy,1.47,2849,0.0,2849,354.3999999999981
2025-04-24 14:35:58,buy,1.47,4218,0.0,7067,354.3999999999981
2025-04-24 14:35:59,buy,1.47,2633,0.0,9700,354.3999999999981
2025-04-24 14:55:00,sell,1.48,0,97.00000000000009,0,451.39999999999816
2025-04-28 11:30:06,buy,1.48,9505,0.0,9700,451.39999999999816
2025-04-28 11:30:06,buy,1.48,195,0.0,195,451.39999999999816
2025-04-28 12:04:15,sell,1.49,0,9.670000000000009,8733,461.0699999999982
2025-04-28 12:04:15,sell,1.49,0,10.330000000000009,7700,471.39999999999816
2025-04-28 12:06:16,sell,1.48,0,0.0,0,471.39999999999816
2025-04-28 12:09:54,sell,1.48,9700,0.0,-9700,471.39999999999816
2025-04-28 12:31:42,buy,1.47,0,34.10000000000003,-6290,505.4999999999982
2025-04-28 12:31:42,buy,1.47,0,62.900000000000055,0,568.3999999999983
2025-04-28 12:43:06,sell,1.47,935,0.0,-935,568.3999999999983
2025-04-28 12:43:08,sell,1.47,8765,0.0,-9700,568.3999999999983
2025-04-28 13:18:56,buy,1.46,0,61.38000000000005,-3562,629.7799999999984
2025-04-28 13:18:56,buy,1.46,0,35.62000000000003,0,665.3999999999984
2025-04-28 13:36:50,sell,1.46,4526,0.0,-4526,665.3999999999984
2025-04-28 14:02:15,buy,1.45,2766,45.26000000000004,2766,710.6599999999984
2025-04-28 14:02:15,buy,1.45,2408,0.0,5174,710.6599999999984
2025-04-28 14:31:46,buy,1.44,1500,0.0,6674,710.6599999999984
2025-04-28 14:33:29,sell,1.44,0,-11.628708420737045,5174,699.0312915792613
2025-04-28 14:33:29,sell,1.45,0,11.111777045250747,230,710.143068624512
2025-04-28 14:42:35,buy,1.43,9700,0.0,9930,710.143068624512
2025-04-28 14:44:51,sell,1.45,0,60.784092452984304,6827,770.9271610774963
2025-04-28 14:55:00,sell,1.45,0,133.73283892250205,0,904.6599999999984
2025-04-29 10:08:48,sell,1.48,4700,0.0,-9700,904.6599999999984
2025-04-29 10:08:48,sell,1.47,5000,0.0,-5000,904.6599999999984
2025-04-29 10:16:34,sell,1.48,9700,0.0,-19400,904.6599999999984
2025-04-29 10:43:20,buy,1.46,0,87.11340206185581,-14400,991.7734020618542
2025-04-29 10:43:20,buy,1.46,0,17.56206185567013,-13392,1009.3354639175243
2025-04-29 13:55:58,sell,1.45,195,0.0,-13587,1009.3354639175243
2025-04-29 13:56:04,sell,1.45,3117,0.0,-16704,1009.3354639175243
2025-04-29 13:56:12,sell,1.45,2696,0.0,-19400,1009.3354639175243
2025-04-29 14:25:36,buy,1.45,0,94.29098114571231,-14419,1103.6264450632366
2025-04-29 14:25:48,sell,1.45,4981,0.0,-14681,1192.957731958763
2025-04-29 14:25:48,buy,1.45,0,89.33128689552628,-9700,1192.957731958763
2025-04-29 14:55:00,buy,1.45,0,183.62226804123722,0,1376.5800000000002
2025-04-30 10:19:03,sell,1.47,9011,0.0,-9700,1376.5800000000002
2025-04-30 10:19:03,sell,1.47,689,0.0,-689,1376.5800000000002
2025-04-30 12:35:52,buy,1.44,0,12.390000000000011,-9287,1388.9700000000003
2025-04-30 12:35:52,buy,1.44,0,195.00000000000017,-2787,1583.9700000000005
2025-04-30 12:35:52,buy,1.44,0,83.61000000000007,0,1667.5800000000006
2025-04-30 13:55:10,buy,1.45,5000,0.0,5000,1667.5800000000006
2025-04-30 13:55:10,buy,1.45,195,0.0,5195,1667.5800000000006
2025-04-30 13:55:10,buy,1.45,195,0.0,5390,1667.5800000000006
2025-04-30 13:55:10,buy,1.45,4310,0.0,9700,1667.5800000000006
2025-04-30 14:55:01,sell,1.44,0,-97.00000000000009,0,1570.5800000000006
2025-05-01 10:48:36,sell,1.46,9700,0.0,-9700,1570.5800000000006
2025-05-01 13:25:13,sell,1.48,4605,0.0,-14305,1570.5800000000006
2025-05-01 13:39:12,buy,1.47,0,-14.246766864731697,-10305,1556.333233135269
2025-05-01 13:40:12,buy,1.47,0,-14.246766864731697,-6305,1542.0864662705374
2025-05-01 13:55:00,sell,1.47,1936,0.0,-8241,1542.0864662705374
2025-05-01 13:55:15,sell,1.47,7764,0.0,-16005,1542.0864662705374
2025-05-01 14:28:08,sell,1.47,3395,0.0,-19400,1542.0864662705374
2025-05-01 14:55:00,buy,1.48,0,-216.45646627053245,0,1325.6300000000049
2025-05-02 14:14:44,sell,1.48,9700,0.0,-9700,1325.6300000000049
2025-05-02 14:55:00,buy,1.49,0,-97.00000000000009,0,1228.6300000000049
2025-05-05 11:29:11,buy,1.48,9700,0.0,9700,1228.6300000000049
2025-05-05 14:38:15,sell,1.48,0,0.0,3424,1228.6300000000049
2025-05-05 14:39:36,sell,1.48,0,0.0,0,1228.6300000000049
2025-05-06 11:11:47,sell,1.5,8462,0.0,-9700,1228.6300000000049
2025-05-06 11:11:47,sell,1.5,1238,0.0,-1238,1228.6300000000049
2025-05-06 13:03:50,buy,1.49,0,4.460000000000004,-9254,1233.090000000005
2025-05-06 14:55:00,buy,1.5,0,0.0,0,1233.090000000005
2025-05-13 10:06:37,sell,1.51,1852,0.0,-1852,1233.090000000005
2025-05-13 10:06:37,sell,1.51,2775,0.0,-4627,1233.090000000005
2025-05-13 10:34:48,buy,1.5,5073,46.27000000000004,5073,1279.360000000005
2025-05-13 13:03:08,buy,1.47,9700,0.0,14773,1279.360000000005
2025-05-13 13:34:58,sell,1.48,0,-2.251284099369956,7316,1277.108715900635
2025-05-13 13:34:58,sell,1.48,0,-0.677166452311494,5073,1276.4315494483235
2025-05-13 14:55:00,sell,1.5,0,99.92845055168256,0,1376.360000000006
2025-05-14 10:58:21,sell,1.5,6826,0.0,-6826,1376.360000000006
2025-05-14 10:58:21,sell,1.5,2874,0.0,-9700,1376.360000000006
2025-05-14 14:08:38,sell,1.5,4225,0.0,-13925,1376.360000000006
2025-05-14 14:11:26,sell,1.49,600,0.0,-14525,1376.360000000006
2025-05-14 14:44:44,sell,1.49,4875,0.0,-19400,1376.360000000006
2025-05-14 14:55:00,buy,1.5,0,-54.750000000001094,0,1321.610000000005
2025-05-15 11:54:04,buy,1.46,9700,0.0,9700,1321.610000000005
2025-05-15 12:43:15,sell,1.47,0,97.00000000000009,0,1418.610000000005
2025-05-16 14:34:31,buy,1.48,6000,0.0,6000,1418.610000000005
2025-05-16 14:36:29,buy,1.48,3700,0.0,9700,1418.610000000005
2025-05-16 14:44:40,sell,1.49,0,47.920000000000044,2595,1489.660000000005
2025-05-16 14:44:40,sell,1.49,0,23.13000000000002,7387,1441.740000000005
2025-05-16 14:55:00,sell,1.49,0,25.950000000000024,0,1515.6100000000051
2025-05-19 13:39:02,sell,1.49,1253,0.0,-1253,1515.6100000000051
2025-05-19 13:39:02,sell,1.49,8447,0.0,-9700,1515.6100000000051
2025-05-19 14:55:00,buy,1.47,0,194.00000000000017,0,1709.6100000000054
2025-05-20 10:05:14,sell,1.49,4778,0.0,-4778,1709.6100000000054
2025-05-20 10:29:22,buy,1.47,0,14.440000000000012,-4056,1724.0500000000054
2025-05-20 10:29:22,buy,1.47,4922,81.12000000000008,4922,1805.1700000000055
2025-05-20 14:55:00,sell,1.47,0,0.0,0,1805.1700000000055
2025-05-22 13:51:15,sell,1.48,2017,0.0,-2017,1805.1700000000055
2025-05-22 14:55:00,buy,1.5,0,-40.34000000000004,0,1764.8300000000054
2025-05-26 12:59:02,buy,1.48,1474,0.0,9700,1764.8300000000054
2025-05-26 12:59:02,buy,1.48,5000,0.0,8226,1764.8300000000054
2025-05-26 12:59:02,buy,1.49,2933,0.0,2933,1764.8300000000054
2025-05-26 12:59:02,buy,1.48,293,0.0,3226,1764.8300000000054
2025-05-26 14:02:59,sell,1.49,0,15.068783505154428,7540,1779.8987835051598
2025-05-26 14:02:59,buy,1.49,9700,0.0,17240,1779.8987835051598
2025-05-26 14:43:23,sell,1.51,0,223.5958120649633,7540,2003.4945955701232
2025-05-26 14:55:00,sell,1.51,0,173.8054044298787,0,2177.300000000002
2025-05-27 11:23:50,buy,1.5,4132,0.0,4132,2177.300000000002
2025-05-27 11:23:50,buy,1.5,5568,0.0,9700,2177.300000000002
2025-05-27 13:16:15,buy,1.48,9700,0.0,19400,2177.300000000002
2025-05-27 13:57:44,sell,1.51,0,181.54000000000016,9700,2371.300000000002
2025-05-27 13:57:44,sell,1.51,0,12.460000000000012,18777,2189.760000000002
2025-05-27 13:59:47,buy,1.49,623,0.0,10323,2371.300000000002
2025-05-27 14:05:25,sell,1.51,0,22.70000000000002,9188,2394.000000000002
2025-05-27 14:11:53,sell,1.5,512,91.88000000000008,-512,2485.880000000002
2025-05-27 14:44:49,sell,1.51,271,0.0,-783,2485.880000000002
2025-05-27 14:44:49,sell,1.51,6666,0.0,-7449,2485.880000000002
2025-05-27 14:44:49,sell,1.51,407,0.0,-7856,2485.880000000002
2025-05-27 14:55:01,buy,1.51,0,-5.120000000000779,0,2480.760000000001
2025-05-29 10:51:43,sell,1.51,2000,0.0,-3790,2480.760000000001
2025-05-29 10:51:43,sell,1.51,559,0.0,-4349,2480.760000000001
2025-05-29 10:51:43,sell,1.51,273,0.0,-273,2480.760000000001
2025-05-29 10:51:43,sell,1.51,1517,0.0,-1790,2480.760000000001
2025-05-29 10:52:07,sell,1.5,5351,0.0,-9700,2480.760000000001
2025-05-29 11:12:39,sell,1.5,9700,0.0,-19400,2480.760000000001
2025-05-29 12:06:01,buy,1.5,0,21.74499999999926,-9700,2502.5050000000006
2025-05-29 14:55:00,buy,1.5,0,21.74499999999926,0,2524.25
2025-06-02 10:24:01,sell,1.49,7983,0.0,-7983,2524.25
2025-06-02 10:24:03,sell,1.5,496,0.0,-8479,2524.25
2025-06-02 14:55:00,buy,1.49,0,4.960000000000231,0,2529.21
2025-06-03 11:04:11,sell,1.5,9700,0.0,-9700,2529.21
2025-06-03 11:04:12,buy,1.48,0,194.00000000000017,0,2723.21
2025-06-04 10:15:39,sell,1.5,719,0.0,-9700,2723.21
2025-06-04 10:15:39,sell,1.5,5040,0.0,-8981,2723.21
2025-06-04 10:15:39,sell,1.5,1905,0.0,-1905,2723.21
2025-06-04 10:15:39,sell,1.5,2036,0.0,-3941,2723.21
2025-06-04 11:17:07,sell,1.51,2220,0.0,-11920,2723.21
2025-06-04 11:17:07,sell,1.51,4982,0.0,-16902,2723.21
2025-06-04 11:17:10,sell,1.51,2498,0.0,-19400,2723.21
2025-06-04 11:33:46,buy,1.5,0,17.499999999999627,-15900,2740.7099999999996
2025-06-04 11:33:46,buy,1.5,0,7.194999999999847,-14461,2747.9049999999993
2025-06-04 13:19:33,sell,1.51,4647,0.0,-19108,2747.9049999999993
2025-06-04 13:19:33,sell,1.51,292,0.0,-19400,2747.9049999999993
2025-06-04 14:25:27,buy,1.51,0,-17.032672680413725,-14830,2730.8723273195856
2025-06-04 14:25:28,buy,1.51,0,-19.11982731958915,-9700,2711.7524999999964
2025-06-04 14:44:27,sell,1.52,3161,0.0,-12861,2711.7524999999964
2025-06-04 14:44:27,sell,1.52,171,0.0,-13032,2711.7524999999964
2025-06-04 14:44:27,sell,1.52,6368,0.0,-19400,2711.7524999999964
2025-06-04 14:55:00,buy,1.52,0,-133.15250000000512,0,2578.5999999999913
2025-06-09 12:46:39,sell,1.51,9700,0.0,-9700,2578.5999999999913
2025-06-09 13:07:16,sell,1.5,9700,0.0,-19400,2578.5999999999913
2025-06-09 14:55:01,buy,1.5,0,96.99999999999793,0,2675.599999999989
2025-06-11 14:22:29,sell,1.5,9700,0.0,-9700,2675.599999999989
2025-06-11 14:55:01,buy,1.51,0,-97.00000000000009,0,2578.599999999989
2025-06-12 13:59:58,sell,1.5,650,0.0,-650,2578.599999999989
2025-06-12 13:59:58,sell,1.5,793,0.0,-1443,2578.599999999989
2025-06-12 14:01:20,sell,1.49,598,0.0,-9700,2578.599999999989
2025-06-12 14:01:20,sell,1.49,7659,0.0,-9102,2578.599999999989
2025-06-12 14:55:00,buy,1.5,0,-82.5700000000008,0,2496.0299999999884
2025-06-13 11:25:29,sell,1.47,9700,0.0,-9700,2496.0299999999884
2025-06-13 14:55:00,buy,1.49,0,-194.00000000000017,0,2302.0299999999884
2025-06-16 13:36:00,sell,1.49,9700,0.0,-9700,2302.0299999999884
2025-06-16 14:55:00,buy,1.49,0,0.0,0,2302.0299999999884
2025-06-19 11:18:20,buy,1.45,5263,0.0,5263,2302.0299999999884
2025-06-19 14:55:00,sell,1.48,0,157.89000000000013,0,2459.9199999999887
2025-06-20 12:34:08,buy,1.47,3269,0.0,3269,2459.9199999999887
2025-06-20 14:55:00,sell,1.48,0,32.690000000000026,0,2492.6099999999888
2025-06-24 10:32:03,buy,1.49,1059,0.0,1059,2492.6099999999888
2025-06-24 11:30:00,buy,1.48,9700,0.0,10759,2492.6099999999888
2025-06-24 11:45:06,buy,1.47,8641,0.0,19400,2492.6099999999888
2025-06-24 15:00:20,sell,1.47,0,-118.18000000000106,0,2374.4299999999876
2025-06-25 10:36:55,buy,1.47,3446,0.0,3446,2374.4299999999876
2025-06-25 11:49:41,buy,1.46,9700,0.0,13146,2374.4299999999876
2025-06-25 14:07:20,buy,1.46,6254,0.0,19400,2374.4299999999876
2025-06-25 14:55:00,sell,1.46,0,-34.460000000000605,0,2339.969999999987
2025-06-26 10:07:04,sell,1.48,9700,0.0,-9700,2339.969999999987
2025-06-26 10:21:57,buy,1.46,0,194.00000000000017,0,2533.969999999987
2025-06-26 10:31:25,sell,1.46,2063,0.0,-2063,2533.969999999987
2025-06-26 10:33:45,sell,1.46,4700,0.0,-9700,2533.969999999987
2025-06-26 10:33:45,sell,1.46,2937,0.0,-5000,2533.969999999987
2025-06-26 11:41:37,sell,1.46,2017,0.0,-11717,2533.969999999987
2025-06-26 11:52:57,buy,1.46,0,0.0,-2017,2533.969999999987
2025-06-26 14:55:00,buy,1.46,0,0.0,0,2533.969999999987
2025-06-30 10:07:01,sell,1.46,1517,0.0,-1517,2533.969999999987
2025-06-30 11:13:53,sell,1.48,1974,0.0,-3491,2533.969999999987
2025-06-30 11:37:45,buy,1.47,6209,4.570000000000425,6209,2538.5399999999877
2025-06-30 12:12:11,buy,1.45,4620,0.0,10829,2538.5399999999877
2025-06-30 12:12:18,buy,1.45,1100,0.0,11929,2538.5399999999877
2025-06-30 12:12:51,buy,1.45,3980,0.0,15909,2538.5399999999877
2025-06-30 12:19:48,sell,1.46,0,21.285247344271284,6209,2559.825247344259
2025-06-30 13:19:09,buy,1.46,2546,0.0,8755,2559.825247344259
2025-06-30 13:33:52,buy,1.46,9700,0.0,18455,2559.825247344259
2025-06-30 14:55:00,sell,1.49,0,567.2747526557318,0,3127.099999999991
2025-07-01 12:49:27,buy,1.46,5000,0.0,5000,3127.099999999991
2025-07-01 12:55:10,buy,1.46,6989,0.0,11989,3127.099999999991
2025-07-01 13:07:21,sell,1.47,0,96.99999999999793,2289,3224.0999999999885
2025-07-01 13:32:45,sell,1.49,0,15.1499999999999,1784,3239.2499999999886
2025-07-01 13:43:43,buy,1.48,2780,0.0,4564,3239.2499999999886
2025-07-01 13:53:37,buy,1.48,9700,0.0,14264,3239.2499999999886
2025-07-01 14:24:16,buy,1.48,5136,0.0,19400,3239.2499999999886
2025-07-01 14:55:00,sell,1.48,0,35.68000000000136,0,3274.92999999999
2025-07-03 12:33:34,buy,1.48,1,0.0,5131,3274.92999999999
2025-07-03 12:33:34,buy,1.49,5130,0.0,5130,3274.92999999999
2025-07-03 12:45:38,buy,1.48,9700,0.0,14831,3274.92999999999
2025-07-03 13:07:47,buy,1.47,4569,0.0,19400,3274.92999999999
2025-07-03 14:07:55,sell,1.47,0,-99.80500000000134,9700,3175.1249999999886
2025-07-03 14:25:20,buy,1.45,9700,0.0,19400,3175.1249999999886
2025-07-03 14:33:07,sell,1.46,0,-10.37663324742282,17383,3164.7483667525657
2025-07-03 14:55:00,sell,1.47,0,84.40163324742163,0,3249.1499999999874
2025-07-04 14:09:35,sell,1.48,200,0.0,-200,3249.1499999999874
2025-07-04 14:55:00,buy,1.47,0,2.0000000000000018,0,3251.1499999999874
2025-07-07 13:25:08,buy,1.47,9700,0.0,9700,3251.1499999999874
2025-07-07 13:40:10,buy,1.46,23,0.0,9723,3251.1499999999874
2025-07-07 13:41:10,sell,1.46,0,-10.674688882032283,8653,3240.4753111179552
2025-07-07 13:42:33,sell,1.46,0,-72.18883060783702,1417,3168.286480510118
2025-07-07 13:42:33,sell,1.46,0,-13.907024580890658,23,3154.3794559292273
2025-07-07 13:52:55,buy,1.46,9171,0.0,9194,3154.3794559292273
2025-07-07 13:52:55,buy,1.46,529,0.0,9723,3154.3794559292273
2025-07-07 13:57:38,sell,1.47,0,16.650612779398962,8054,3171.0300687086265
2025-07-07 14:03:14,buy,1.46,9700,0.0,17754,3171.0300687086265
2025-07-07 14:07:16,sell,1.46,0,-0.10384513201693313,8054,3170.9262235766096
2025-07-07 14:21:48,sell,1.46,0,-0.013146579599669472,6826,3170.9130769970097
2025-07-07 14:42:42,sell,1.47,0,0.6792720135075108,6758,3171.5923490105174
2025-07-07 14:42:42,sell,1.47,0,48.33819519651242,1919,3219.93054420703
2025-07-07 14:55:00,sell,1.48,0,38.35945579295462,0,3258.2899999999845
2025-07-08 10:27:12,buy,1.47,9700,0.0,9700,3258.2899999999845
2025-07-08 11:10:01,sell,1.47,0,0.0,0,3258.2899999999845
2025-07-09 10:54:23,buy,1.46,9700,0.0,9700,3258.2899999999845
2025-07-09 11:14:39,buy,1.46,2878,0.0,12578,3258.2899999999845
2025-07-09 13:08:51,sell,1.48,0,35.71999999999964,10792,3294.0099999999843
2025-07-09 13:51:40,buy,1.47,3736,0.0,14528,3294.0099999999843
2025-07-09 13:52:02,buy,1.47,4872,0.0,19400,3294.0099999999843
2025-07-09 14:55:00,sell,1.47,0,107.91999999999761,0,3401.929999999982
2025-07-10 10:26:43,sell,1.47,394,0.0,-394,3401.929999999982
2025-07-10 10:26:43,sell,1.47,5423,0.0,-5817,3401.929999999982
2025-07-10 11:56:19,buy,1.47,3883,0.0,3883,3401.929999999982
2025-07-10 12:37:24,buy,1.47,6915,0.0,10798,3401.929999999982
2025-07-10 12:37:24,buy,1.47,2785,0.0,13583,3401.929999999982
2025-07-10 13:13:30,sell,1.47,0,0.0,3883,3401.929999999982
2025-07-10 14:55:00,sell,1.48,0,38.830000000000034,0,3440.759999999982
2025-07-11 11:29:00,sell,1.49,2207,0.0,-2207,3440.759999999982
2025-07-11 11:31:36,sell,1.48,37,0.0,-2244,3440.759999999982
2025-07-11 11:31:36,sell,1.48,2208,0.0,-4452,3440.759999999982
2025-07-11 12:12:35,sell,1.5,500,0.0,-4952,3440.759999999982
2025-07-11 12:49:06,buy,1.49,4748,-17.450000000000045,4748,3423.309999999982
2025-07-11 14:36:03,sell,1.51,0,53.76000000000005,43,3517.4099999999826
2025-07-11 14:36:03,sell,1.51,0,40.34000000000004,2731,3463.6499999999824
2025-07-11 14:37:24,sell,1.5,4952,0.4300000000000004,-4952,3517.8399999999824
2025-07-11 14:44:18,sell,1.5,9700,0.0,-14652,3517.8399999999824
2025-07-11 14:55:00,buy,1.51,0,-146.52000000000012,0,3371.3199999999824
2025-07-14 11:35:26,buy,1.5,9700,0.0,9700,3371.3199999999824
2025-07-14 14:28:48,buy,1.48,9220,0.0,18920,3371.3199999999824
2025-07-14 14:29:05,buy,1.47,480,0.0,19400,3371.3199999999824
2025-07-14 14:55:00,sell,1.48,0,-189.19999999999658,0,3182.119999999986
2025-07-15 10:24:12,sell,1.49,2017,0.0,-2017,3182.119999999986
2025-07-15 10:24:53,sell,1.49,4838,0.0,-6855,3182.119999999986
2025-07-15 14:55:00,buy,1.5,0,-68.54999999999853,0,3113.5699999999874
2025-07-16 13:19:11,sell,1.5,9700,0.0,-9700,3113.5699999999874
2025-07-16 14:55:00,buy,1.49,0,97.00000000000009,0,3210.5699999999874
2025-07-17 13:52:55,buy,1.49,3130,0.0,3130,3210.5699999999874
2025-07-17 14:55:00,sell,1.5,0,31.30000000000003,0,3241.8699999999876
2025-07-18 14:34:45,sell,1.51,5218,0.0,-5218,3241.8699999999876
2025-07-18 14:35:17,sell,1.5,1785,0.0,-7003,3241.8699999999876
2025-07-18 14:35:36,sell,1.5,1848,0.0,-8851,3241.8699999999876
2025-07-18 14:55:01,buy,1.51,0,-36.329999999999814,0,3205.5399999999877
2025-07-22 10:35:26,sell,1.5,9700,0.0,-9700,3205.5399999999877
2025-07-22 10:45:19,buy,1.5,0,0.0,-1647,3205.5399999999877
2025-07-22 10:46:48,buy,1.5,0,0.0,-1147,3205.5399999999877
2025-07-22 10:53:08,buy,1.5,1404,0.0,1404,3205.5399999999877
2025-07-22 10:53:15,buy,1.5,7149,0.0,8553,3205.5399999999877
2025-07-22 10:58:53,buy,1.5,9700,0.0,18253,3205.5399999999877
2025-07-22 11:25:19,sell,1.5,0,0.0,11290,3205.5399999999877
2025-07-22 11:25:19,sell,1.5,0,0.0,8553,3205.5399999999877
2025-07-22 11:33:44,buy,1.5,9700,0.0,18253,3205.5399999999877
2025-07-22 11:54:28,buy,1.5,1147,0.0,19400,3205.5399999999877
2025-07-22 12:48:00,sell,1.51,0,97.00000000000009,9700,3302.5399999999877
2025-07-22 12:48:00,buy,1.51,9700,0.0,19400,3302.5399999999877
2025-07-22 14:55:01,sell,1.5,0,-96.99999999999793,0,3205.53999999999
2025-07-23 10:51:30,sell,1.5,9700,0.0,-9700,3205.53999999999
2025-07-23 12:38:10,sell,1.52,8731,0.0,-18431,3205.53999999999
2025-07-23 12:38:46,sell,1.52,969,0.0,-19400,3205.53999999999
2025-07-23 14:55:00,buy,1.52,0,-193.99999999999585,0,3011.539999999994
2025-07-24 12:39:50,sell,1.54,9700,0.0,-9700,3011.539999999994
2025-07-24 12:58:11,sell,1.57,7556,0.0,-17256,3011.539999999994
2025-07-24 12:58:11,sell,1.57,2017,0.0,-19273,3011.539999999994
2025-07-24 12:58:11,sell,1.57,127,0.0,-19400,3011.539999999994
2025-07-24 13:57:33,buy,1.55,0,48.49999999999681,-9700,3060.039999999991
2025-07-24 14:55:01,buy,1.57,0,-145.50000000000335,0,2914.5399999999877
2025-07-29 12:05:42,buy,1.54,9700,0.0,9700,2914.5399999999877
2025-07-29 12:12:53,sell,1.56,0,194.00000000000017,0,3108.5399999999877
2025-07-29 12:29:00,buy,1.56,9700,0.0,9700,3108.5399999999877
2025-07-29 12:36:45,sell,1.58,0,191.76000000000016,112,3300.299999999988
2025-07-29 12:36:45,sell,1.58,0,2.240000000000002,0,3302.5399999999877
2025-07-29 12:40:24,sell,1.6,1000,0.0,-1000,3302.5399999999877
2025-07-29 12:40:24,sell,1.6,2017,0.0,-3017,3302.5399999999877
2025-07-29 12:40:24,sell,1.6,1917,0.0,-4934,3302.5399999999877
2025-07-29 12:40:24,sell,1.6,517,0.0,-5451,3302.5399999999877
2025-07-29 12:40:24,sell,1.6,1017,0.0,-6468,3302.5399999999877
2025-07-29 12:40:24,sell,1.6,1800,0.0,-8268,3302.5399999999877
2025-07-29 12:40:24,sell,1.6,1432,0.0,-9700,3302.5399999999877
2025-07-29 13:00:58,sell,1.61,4700,0.0,-19400,3302.5399999999877
2025-07-29 13:00:58,sell,1.61,5000,0.0,-14700,3302.5399999999877
2025-07-29 13:05:02,buy,1.59,0,75.00000000000063,-14400,3377.539999999988
2025-07-29 13:29:18,buy,1.58,0,242.50000000000128,-4700,3620.0399999999895
2025-07-29 14:08:24,sell,1.57,6404,0.0,-11104,3620.0399999999895
2025-07-29 14:08:51,sell,1.58,3296,0.0,-14400,3620.0399999999895
2025-07-29 14:55:00,buy,1.59,0,-90.53999999999682,0,3529.4999999999927
2025-07-30 10:13:10,sell,1.61,2263,0.0,-2263,3529.4999999999927
2025-07-30 10:13:10,sell,1.61,5000,0.0,-7263,3529.4999999999927
2025-07-30 10:13:10,sell,1.63,456,0.0,-7719,3529.4999999999927
2025-07-30 10:19:07,buy,1.6,1981,86.30999999999948,1981,3615.809999999992
2025-07-30 10:20:31,sell,1.59,7719,-19.810000000000016,-7719,3595.9999999999923
2025-07-30 10:23:41,buy,1.59,1981,0.0,1981,3595.9999999999923
2025-07-30 11:07:07,buy,1.6,2702,0.0,4683,3595.9999999999923
2025-07-30 11:16:48,buy,1.6,4584,0.0,9267,3595.9999999999923
2025-07-30 13:10:59,buy,1.6,9700,0.0,18967,3595.9999999999923
2025-07-30 14:09:27,buy,1.6,433,0.0,19400,3595.9999999999923
2025-07-30 14:55:00,sell,1.6,0,19.810000000004013,0,3615.8099999999963
2025-07-31 14:34:56,buy,1.57,800,0.0,800,3615.8099999999963
2025-07-31 14:55:01,sell,1.6,0,24.00000000000002,0,3639.8099999999963
2025-08-01 10:06:01,sell,1.6,9700,0.0,-9700,3639.8099999999963
2025-08-01 14:55:00,buy,1.63,0,-290.9999999999981,0,3348.809999999998
2025-08-04 11:10:09,sell,1.6,3586,0.0,-3586,3348.809999999998
2025-08-04 12:12:04,buy,1.6,5853,0.0,5853,3348.809999999998
2025-08-04 12:12:04,buy,1.6,261,0.0,6114,3348.809999999998
2025-08-04 14:55:00,sell,1.6,0,-1.3575807145116414e-12,0,3348.8099999999968
2025-08-05 13:06:15,buy,1.58,134,0.0,134,3348.8099999999968
2025-08-05 13:06:15,buy,1.58,9566,0.0,9700,3348.8099999999968
2025-08-05 13:36:02,sell,1.59,0,63.400000000000055,3360,3412.209999999997
2025-08-05 13:39:57,sell,1.6,6340,67.20000000000006,-6340,3479.409999999997
2025-08-05 14:55:00,buy,1.6,0,0.0,0,3479.409999999997
2025-08-06 10:52:40,sell,1.59,9700,0.0,-9700,3479.409999999997
2025-08-06 14:37:02,sell,1.59,9700,0.0,-19400,3479.409999999997
2025-08-06 14:42:51,buy,1.6,0,-97.00000000000009,-9700,3382.409999999997
2025-08-06 14:55:01,buy,1.61,0,-194.00000000000017,0,3188.409999999997
2025-08-07 10:26:32,sell,1.64,200,0.0,-200,3188.409999999997
2025-08-07 11:21:09,buy,1.62,9500,3.999999999999959,9500,3192.409999999997
2025-08-07 11:49:08,buy,1.61,60,0.0,9560,3192.409999999997
2025-08-07 11:49:08,buy,1.61,3240,0.0,12800,3192.409999999997
2025-08-07 12:23:52,sell,1.62,0,22.290468749998926,4154,3214.700468749996
2025-08-07 12:23:56,sell,1.62,0,2.717343749999869,3100,3217.417812499996
2025-08-07 14:41:50,buy,1.59,1497,0.0,4597,3217.417812499996
2025-08-07 14:44:51,sell,1.6,5103,-39.037812500001415,-5103,3178.3799999999947
2025-08-07 14:55:00,buy,1.6,0,0.0,0,3178.3799999999947
2025-08-08 11:45:01,buy,1.58,2075,0.0,2075,3178.3799999999947
2025-08-08 11:47:23,buy,1.58,1208,0.0,3283,3178.3799999999947
2025-08-08 14:55:00,sell,1.59,0,32.83000000000003,0,3211.2099999999946
2025-08-11 11:05:20,buy,1.58,2150,0.0,2150,3211.2099999999946
2025-08-11 13:48:00,buy,1.57,6700,0.0,8850,3211.2099999999946
2025-08-11 13:48:00,buy,1.57,2434,0.0,11284,3211.2099999999946
2025-08-11 13:48:01,buy,1.57,566,0.0,11850,3211.2099999999946
2025-08-11 14:55:00,sell,1.58,0,97.00000000000034,0,3308.209999999995
2025-08-12 11:33:02,buy,1.57,6934,0.0,6934,3308.209999999995
2025-08-12 11:33:02,buy,1.57,2766,0.0,9700,3308.209999999995
2025-08-12 13:55:00,sell,1.58,0,97.00000000000009,0,3405.209999999995
2025-08-12 14:07:26,buy,1.56,4000,0.0,4000,3405.209999999995
2025-08-12 14:07:26,buy,1.56,5700,0.0,9700,3405.209999999995
2025-08-12 14:07:31,sell,1.58,0,194.00000000000017,0,3599.209999999995
2025-08-13 11:17:14,sell,1.58,2233,0.0,-2233,3599.209999999995
2025-08-13 11:29:59,sell,1.59,38,0.0,-2271,3599.209999999995
2025-08-13 11:31:03,sell,1.59,4600,0.0,-6871,3599.209999999995
2025-08-13 11:41:32,buy,1.57,0,1.0720069858827088,-6807,3600.2820069858776
2025-08-13 11:41:32,buy,1.57,0,32.712963178577034,-4854,3632.9949701644546
2025-08-13 12:04:23,sell,1.58,6686,0.0,-11540,3632.9949701644546
2025-08-13 12:04:25,sell,1.58,3014,0.0,-14554,3632.9949701644546
2025-08-13 14:55:01,buy,1.59,0,-112.77497016446024,0,3520.2199999999943
2025-08-14 14:09:58,sell,1.57,6145,0.0,-6145,3520.2199999999943
2025-08-14 14:09:58,sell,1.57,2335,0.0,-8480,3520.2199999999943
2025-08-14 14:55:00,buy,1.58,0,-84.80000000000007,0,3435.419999999994
2025-08-18 12:22:33,buy,1.53,5989,0.0,5989,3435.419999999994
2025-08-18 13:33:58,buy,1.52,9700,0.0,15689,3435.419999999994
2025-08-18 14:55:29,sell,1.51,0,-216.77999999999676,0,3218.6399999999976
2025-08-19 11:15:22,sell,1.54,6969,0.0,-6969,3218.6399999999976
2025-08-19 11:15:52,sell,1.55,134,0.0,-7103,3218.6399999999976
2025-08-19 11:15:52,sell,1.55,2597,0.0,-9700,3218.6399999999976
2025-08-19 11:51:32,buy,1.56,0,-134.36588762886464,-1881,3084.274112371133
2025-08-19 11:55:39,buy,1.56,7819,-32.3241123711337,7819,3051.9499999999994
2025-08-19 13:35:18,buy,1.56,531,0.0,8350,3051.9499999999994
2025-08-19 14:40:36,buy,1.56,9700,0.0,18050,3051.9499999999994
2025-08-19 14:55:00,sell,1.57,0,180.50000000000017,0,3232.4499999999994
2025-08-20 11:42:35,sell,1.58,4000,0.0,-4000,3232.4499999999994
2025-08-20 11:42:35,sell,1.58,2017,0.0,-6017,3232.4499999999994
2025-08-20 11:42:35,sell,1.58,47,0.0,-6064,3232.4499999999994
2025-08-20 12:14:18,sell,1.58,202,0.0,-6266,3232.4499999999994
2025-08-20 12:14:18,sell,1.58,3403,0.0,-9669,3232.4499999999994
2025-08-20 12:14:42,sell,1.58,6095,0.0,-15764,3232.4499999999994
2025-08-20 12:26:59,sell,1.58,3636,0.0,-19400,3232.4499999999994
2025-08-20 14:55:00,buy,1.6,0,-387.999999999996,0,2844.4500000000035
2025-08-21 11:16:45,sell,1.58,9700,0.0,-9700,2844.4500000000035
2025-08-21 11:37:16,sell,1.6,379,0.0,-10079,2844.4500000000035
2025-08-21 11:37:32,sell,1.61,6321,0.0,-19400,2844.4500000000035
2025-08-21 11:37:32,sell,1.61,3000,0.0,-13079,2844.4500000000035
2025-08-21 14:25:27,buy,1.6,0,-20.781443298968583,-15400,2823.668556701035
2025-08-21 14:25:27,buy,1.6,0,-29.61355670103023,-9700,2794.055000000005
2025-08-21 14:27:00,sell,1.63,4000,0.0,-13700,2794.055000000005
2025-08-21 14:29:01,sell,1.65,1000,0.0,-14700,2794.055000000005
2025-08-21 14:29:01,sell,1.65,2063,0.0,-16763,2794.055000000005
2025-08-21 14:29:01,sell,1.65,2637,0.0,-19400,2794.055000000005
2025-08-21 14:29:45,buy,1.63,0,-113.69749999999823,-9700,2680.3575000000064
2025-08-21 14:36:37,buy,1.62,0,-8.374570876288809,-4835,2671.9829291237174
2025-08-21 14:37:22,buy,1.62,0,-8.32292912371149,0,2663.6600000000058
2025-08-21 14:44:44,sell,1.63,910,0.0,-910,2663.6600000000058
2025-08-21 14:55:00,buy,1.6,0,27.299999999999823,0,2690.9600000000055
2025-08-22 12:18:15,sell,1.63,1380,0.0,-1380,2690.9600000000055
2025-08-22 12:18:15,sell,1.64,8320,0.0,-9700,2690.9600000000055
2025-08-22 14:44:20,sell,1.65,47,0.0,-9747,2690.9600000000055
2025-08-22 14:55:01,buy,1.65,0,-110.80000000000139,0,2580.160000000004
2025-08-25 10:19:12,sell,1.64,8472,0.0,-8472,2580.160000000004
2025-08-25 10:19:23,sell,1.65,73,0.0,-8545,2580.160000000004
2025-08-25 10:19:23,sell,1.65,327,0.0,-8872,2580.160000000004
2025-08-25 10:19:39,sell,1.65,200,0.0,-9072,2580.160000000004
2025-08-25 10:19:55,sell,1.65,628,0.0,-9700,2580.160000000004
2025-08-25 10:35:02,sell,1.69,8041,0.0,-17741,2580.160000000004
2025-08-25 10:36:02,sell,1.69,1659,0.0,-19400,2580.160000000004
2025-08-25 10:52:55,buy,1.66,0,54.640000000000285,-9700,2634.8000000000043
2025-08-25 10:52:58,sell,1.66,1005,0.0,-10705,2634.8000000000043
2025-08-25 10:53:00,sell,1.66,8695,0.0,-19400,2634.8000000000043
2025-08-25 11:02:55,buy,1.65,0,124.32000000000023,-9700,2759.1200000000044
2025-08-25 11:44:43,sell,1.66,9700,0.0,-19400,2759.1200000000044
2025-08-25 12:57:00,buy,1.67,0,-83.34000000000002,-9700,2675.7800000000043
2025-08-25 14:37:11,buy,1.65,0,23.535214432989726,-7637,2699.315214432994
2025-08-25 14:40:52,sell,1.66,9700,0.0,-17337,2699.315214432994
2025-08-25 14:55:00,buy,1.67,0,-162.61521443298827,0,2536.7000000000057
2025-08-26 10:09:04,sell,1.67,2769,0.0,-2769,2536.7000000000057
2025-08-26 10:52:14,sell,1.68,535,0.0,-3304,2536.7000000000057
2025-08-26 10:57:26,buy,1.65,6396,71.43000000000022,6396,2608.130000000006
2025-08-26 11:19:20,buy,1.64,195,0.0,6591,2608.130000000006
2025-08-26 11:19:20,buy,1.64,1825,0.0,8416,2608.130000000006
2025-08-26 11:29:42,sell,1.66,0,21.204325095057058,6706,2629.334325095063
2025-08-26 11:42:50,sell,1.65,0,0.47523764258555223,6508,2629.8095627376483
2025-08-26 11:52:41,buy,1.63,1233,0.0,7741,2629.8095627376483
2025-08-26 11:52:41,buy,1.63,3572,0.0,11313,2629.8095627376483
2025-08-26 11:52:43,buy,1.63,4895,0.0,16208,2629.8095627376483
2025-08-26 11:57:07,sell,1.65,0,2.521963552946657,8047,2735.3569707150723
2025-08-26 11:57:07,sell,1.65,0,19.904112348640535,6508,2755.2610830637127
2025-08-26 11:57:07,sell,1.65,0,103.02544442447727,8242,2732.8350071621257
2025-08-26 12:21:36,buy,1.62,8324,0.0,14832,2755.2610830637127
2025-08-26 12:31:15,sell,1.63,0,18.41350181883075,7500,2773.6745848825435
2025-08-26 13:10:27,buy,1.61,100,0.0,7600,2773.6745848825435
2025-08-26 13:12:12,buy,1.61,2017,0.0,9617,2773.6745848825435
2025-08-26 13:32:26,sell,1.62,0,-8.365659836222543,7318,2765.308925046321
2025-08-26 14:38:10,buy,1.61,138,0.0,7456,2765.308925046321
2025-08-26 14:38:10,buy,1.61,9562,0.0,17018,2765.308925046321
2025-08-26 14:55:01,sell,1.66,0,751.0910749536797,0,3516.4000000000005
2025-08-27 13:53:42,buy,1.64,2744,0.0,2744,3516.4000000000005
2025-08-27 13:53:42,buy,1.64,6956,0.0,9700,3516.4000000000005
2025-08-27 14:06:01,buy,1.64,9700,0.0,19400,3516.4000000000005
2025-08-27 14:55:00,sell,1.65,0,194.00000000000017,0,3710.4000000000005
2025-08-29 10:07:58,sell,1.64,1712,0.0,-1712,3710.4000000000005
2025-08-29 10:07:58,sell,1.64,2105,0.0,-3817,3710.4000000000005
2025-08-29 11:01:46,sell,1.66,500,0.0,-4317,3710.4000000000005
2025-08-29 11:01:46,sell,1.66,500,0.0,-4817,3710.4000000000005
2025-08-29 11:01:46,sell,1.66,4846,0.0,-9663,3710.4000000000005
2025-08-29 11:01:46,sell,1.66,2054,0.0,-11717,3710.4000000000005
2025-08-29 11:01:46,sell,1.66,1800,0.0,-13517,3710.4000000000005
2025-08-29 11:14:45,sell,1.66,5883,0.0,-19400,3710.4000000000005
2025-08-29 11:15:12,buy,1.65,0,48.84709484536017,-9700,3769.2299999999996
2025-08-29 11:15:12,buy,1.65,0,9.98290515463904,-17754,3720.3829051546395
2025-08-29 11:18:06,sell,1.65,2335,0.0,-12035,3769.2299999999996
2025-08-29 11:18:10,sell,1.65,7365,0.0,-19400,3769.2299999999996
2025-08-29 14:14:07,buy,1.62,0,68.14599432989665,-17337,3837.375994329896
2025-08-29 14:14:11,buy,1.63,0,140.72841752577372,-11227,3978.1044118556697
2025-08-29 14:28:25,sell,1.63,2727,0.0,-13954,3978.1044118556697
2025-08-29 14:43:16,buy,1.63,0,179.75349039701746,-4254,4157.857902252687
2025-08-29 14:55:00,buy,1.64,0,36.29209774731051,0,4194.149999999998
2025-09-02 10:05:06,sell,1.6,9700,0.0,-9700,4194.149999999998
2025-09-02 12:52:20,buy,1.59,0,16.040000000000013,-8096,4210.189999999998
2025-09-02 13:18:12,buy,1.58,0,129.58000000000013,-1617,4339.769999999998
2025-09-02 13:18:39,buy,1.57,1604,48.51000000000004,1604,4388.279999999998
2025-09-02 13:22:15,buy,1.57,1184,0.0,2788,4388.279999999998
2025-09-02 13:23:30,buy,1.57,3185,0.0,5973,4388.279999999998
2025-09-02 14:31:07,sell,1.58,3727,59.730000000000054,-3727,4448.009999999998
2025-09-02 14:55:00,buy,1.58,0,0.0,0,4448.009999999998
2025-09-03 11:06:16,sell,1.59,2855,0.0,-2855,4448.009999999998
2025-09-03 11:40:05,sell,1.6,2017,0.0,-4872,4448.009999999998
2025-09-03 11:40:05,sell,1.6,2883,0.0,-7755,4448.009999999998
2025-09-03 11:40:08,sell,1.6,4800,0.0,-12555,4448.009999999998
2025-09-03 12:20:45,buy,1.59,0,0.3013142174432515,-12516,4448.311314217442
2025-09-03 12:21:08,buy,1.59,0,21.57100756670662,-2855,4522.952254082037
2025-09-03 12:21:08,buy,1.59,0,49.03695738749531,-5647,4501.3812465153305
2025-09-03 12:21:08,buy,1.59,0,4.032974910394289,-11994,4452.3442891278355
2025-09-03 12:29:59,buy,1.58,0,12.585463958582277,-2145,4535.537718040619
2025-09-03 12:29:59,buy,1.58,6626,38.02228195937885,6626,4573.559999999999
2025-09-03 12:29:59,buy,1.58,219,0.0,6845,4573.559999999999
2025-09-03 14:39:45,sell,1.6,0,131.28000000000011,281,4704.839999999998
2025-09-03 14:55:01,sell,1.6,0,5.6200000000000045,0,4710.459999999998
2025-09-04 10:57:38,buy,1.61,2914,0.0,2914,4710.459999999998
2025-09-04 10:57:38,buy,1.61,6265,0.0,9179,4710.459999999998
2025-09-04 10:57:38,buy,1.61,521,0.0,9700,4710.459999999998
2025-09-04 11:11:24,buy,1.61,996,0.0,10696,4710.459999999998
2025-09-04 11:11:34,buy,1.61,1551,0.0,19400,4710.459999999998
2025-09-04 11:11:34,buy,1.61,7153,0.0,17849,4710.459999999998
2025-09-04 14:55:01,sell,1.62,0,194.00000000000017,0,4904.459999999998
2025-09-08 11:12:59,sell,1.62,452,0.0,-452,4904.459999999998
2025-09-08 11:12:59,sell,1.62,2063,0.0,-2515,4904.459999999998
2025-09-08 11:12:59,sell,1.62,3000,0.0,-5515,4904.459999999998
2025-09-08 11:12:59,sell,1.62,2426,0.0,-7941,4904.459999999998
2025-09-08 11:12:59,sell,1.62,1759,0.0,-9700,4904.459999999998
2025-09-08 11:59:41,sell,1.62,157,0.0,-9857,4904.459999999998
2025-09-08 11:59:41,sell,1.62,9543,0.0,-19400,4904.459999999998
2025-09-08 13:36:16,buy,1.59,0,291.0000000000003,-9700,5195.459999999998
2025-09-08 13:58:00,sell,1.6,1596,0.0,-11296,5195.459999999998
2025-09-08 14:26:36,buy,1.61,0,69.58994334277698,-1596,5265.049943342775
2025-09-08 14:55:00,buy,1.62,0,-4.509943342776092,0,5260.539999999999
2025-09-09 11:15:43,sell,1.61,9700,0.0,-9700,5260.539999999999
2025-09-09 12:15:56,sell,1.6,9700,0.0,-19400,5260.539999999999
2025-09-09 13:10:45,buy,1.59,0,145.49999999999906,-9700,5406.039999999998
2025-09-09 13:14:07,sell,1.59,1286,0.0,-10986,5406.039999999998
2025-09-09 13:14:38,sell,1.59,8414,0.0,-19400,5406.039999999998
2025-09-09 14:55:00,buy,1.6,0,-48.500000000003276,0,5357.5399999999945
2025-09-10 10:37:44,sell,1.61,9700,0.0,-9700,5357.5399999999945
2025-09-10 10:53:34,buy,1.59,0,194.00000000000017,0,5551.5399999999945
2025-09-10 13:06:04,buy,1.57,9700,0.0,9700,5551.5399999999945
2025-09-10 14:14:31,buy,1.57,9700,0.0,19400,5551.5399999999945
2025-09-10 14:32:30,sell,1.57,0,0.0,14011,5551.5399999999945
2025-09-10 14:34:44,sell,1.57,0,0.0,4311,5551.5399999999945
2025-09-10 14:34:50,buy,1.56,1741,0.0,6052,5551.5399999999945
2025-09-10 14:34:52,buy,1.56,1474,0.0,7526,5551.5399999999945
2025-09-10 14:34:52,buy,1.56,2174,0.0,9700,5551.5399999999945
2025-09-10 14:35:35,buy,1.55,4732,0.0,14432,5551.5399999999945
2025-09-10 14:35:57,buy,1.55,4968,0.0,19400,5551.5399999999945
2025-09-10 14:55:00,sell,1.55,0,-140.1100000000003,0,5411.429999999994
2025-09-11 10:49:41,buy,1.56,2996,0.0,2996,5411.429999999994
2025-09-11 10:49:41,buy,1.56,6311,0.0,9307,5411.429999999994
2025-09-11 10:50:34,buy,1.55,393,0.0,9700,5411.429999999994
2025-09-11 14:55:00,sell,1.57,0,100.92999999999984,0,5512.359999999993
2025-09-12 10:26:56,sell,1.58,2646,0.0,-2646,5512.359999999993
2025-09-12 12:47:17,buy,1.57,7054,26.460000000000022,7054,5538.819999999993
2025-09-12 14:55:00,sell,1.57,0,0.0,0,5538.819999999993
2025-09-15 14:06:07,sell,1.59,6972,0.0,-6972,5538.819999999993
2025-09-15 14:10:10,buy,1.59,0,0.0,-6452,5538.819999999993
2025-09-15 14:10:10,buy,1.59,2728,0.0,2728,5538.819999999993
2025-09-15 14:55:00,sell,1.59,0,0.0,0,5538.819999999993
2025-09-16 13:56:12,sell,1.59,596,0.0,-596,5538.819999999993
2025-09-16 13:56:59,sell,1.59,5000,0.0,-5596,5538.819999999993
2025-09-16 13:57:00,sell,1.6,4104,0.0,-9700,5538.819999999993
2025-09-16 14:44:51,buy,1.58,0,22.34255670103108,-8130,5561.162556701024
2025-09-16 14:55:00,buy,1.6,0,-46.902556701030285,0,5514.259999999994
2025-09-17 10:58:34,sell,1.59,5295,0.0,-5295,5514.259999999994
2025-09-17 11:00:40,sell,1.59,142,0.0,-5437,5514.259999999994
2025-09-17 12:25:50,buy,1.57,0,43.060000000000514,-3284,5557.319999999994
2025-09-17 14:44:46,sell,1.57,6038,0.0,-9322,5557.319999999994
2025-09-17 14:44:46,sell,1.57,3662,0.0,-12984,5557.319999999994
2025-09-17 14:55:00,buy,1.59,0,-193.99999999999932,0,5363.319999999995
2025-09-18 10:52:04,buy,1.56,1339,0.0,1339,5363.319999999995
2025-09-18 14:24:47,sell,1.58,402,26.780000000000022,-402,5390.099999999995
2025-09-18 14:55:01,buy,1.59,0,-4.020000000000003,0,5386.0799999999945
2025-09-19 14:38:39,sell,1.59,1205,0.0,-1205,5386.0799999999945
2025-09-19 14:55:01,buy,1.58,0,12.050000000000011,0,5398.129999999995
2025-09-22 13:22:19,buy,1.56,4413,0.0,4413,5398.129999999995
2025-09-22 14:55:00,sell,1.57,0,44.13000000000004,0,5442.259999999995
2025-09-23 12:34:57,buy,1.55,4878,0.0,4878,5442.259999999995
2025-09-23 12:39:07,buy,1.56,9700,0.0,14578,5442.259999999995
2025-09-23 12:52:00,buy,1.54,4822,0.0,19400,5442.259999999995
2025-09-23 14:55:00,sell,1.54,0,-242.78000000000355,0,5199.479999999991
2025-09-24 12:07:15,buy,1.54,4017,0.0,4017,5199.479999999991
2025-09-24 13:37:31,sell,1.56,0,68.38000000000007,598,5267.8599999999915
2025-09-24 13:38:45,sell,1.55,5683,5.980000000000006,-5683,5273.839999999991
2025-09-24 14:08:47,buy,1.54,0,45.65000000000004,-1118,5319.489999999991
2025-09-24 14:08:56,buy,1.54,3607,11.18000000000001,3607,5330.669999999991
2025-09-24 14:55:00,sell,1.53,0,-36.07000000000003,0,5294.599999999991
2025-09-25 13:12:23,buy,1.53,9700,0.0,9700,5294.599999999991
2025-09-25 13:34:27,buy,1.52,3500,0.0,13200,5294.599999999991
2025-09-25 13:34:27,buy,1.52,1689,0.0,14889,5294.599999999991
2025-09-25 13:34:55,buy,1.52,4511,0.0,19400,5294.599999999991
2025-09-25 14:39:45,sell,1.49,0,-339.4999999999992,9700,4955.099999999992
2025-09-25 14:55:01,sell,1.48,0,-436.4999999999993,0,4518.599999999993
2025-09-26 11:56:32,sell,1.52,9700,0.0,-9700,4518.599999999993
2025-09-26 13:27:04,buy,1.5,0,89.08000000000008,0,4712.599999999993
2025-09-26 13:27:04,buy,1.5,0,30.480000000000025,-4454,4623.519999999993
2025-09-26 13:27:04,buy,1.5,0,34.86000000000003,-7957,4553.459999999993
2025-09-26 13:27:04,buy,1.5,0,39.580000000000034,-5978,4593.039999999993
2025-09-26 13:30:57,buy,1.5,9700,0.0,9700,4712.599999999993
2025-09-26 13:56:41,sell,1.51,0,97.00000000000009,0,4809.599999999993
2025-09-29 10:06:28,buy,1.53,9700,0.0,9700,4809.599999999993
2025-09-29 10:14:36,buy,1.51,7500,0.0,17200,4809.599999999993
2025-09-29 10:14:43,buy,1.5,2200,0.0,19400,4809.599999999993
2025-09-29 10:25:49,sell,1.51,0,-40.04762886597984,14883,4769.552371134013
2025-09-29 10:25:49,sell,1.51,0,-45.95237113402115,9700,4723.599999999992
2025-09-29 10:34:10,buy,1.51,9700,0.0,19400,4723.599999999992
2025-09-29 11:34:46,sell,1.53,0,151.00000000000077,9700,4874.599999999993
2025-09-29 12:25:23,buy,1.52,9700,0.0,19400,4874.599999999993
2025-09-29 13:38:45,sell,1.53,0,124.00000000000043,9700,4998.599999999993
2025-09-29 14:18:36,sell,1.53,0,124.00000000000043,0,5122.599999999993
2025-09-29 14:44:31,buy,1.51,9700,0.0,9700,5122.599999999993
2025-09-29 14:55:01,sell,1.53,0,194.00000000000017,0,5316.599999999993
2025-09-30 10:31:05,buy,1.53,5000,0.0,5000,5316.599999999993
2025-09-30 10:31:05,buy,1.53,4700,0.0,9700,5316.599999999993
2025-09-30 11:56:00,buy,1.53,1062,0.0,10762,5316.599999999993
2025-09-30 13:12:09,sell,1.55,0,29.080000000000027,1808,5495.679999999993
2025-09-30 13:12:09,sell,1.55,0,150.00000000000014,3262,5466.599999999993
2025-09-30 13:12:43,sell,1.54,0,7.460000000000006,1062,5503.139999999993
2025-09-30 13:58:17,sell,1.54,8638,10.62000000000001,-8638,5513.759999999993
2025-09-30 14:03:59,buy,1.54,1062,0.0,1062,5513.759999999993
2025-09-30 14:43:33,buy,1.54,9700,0.0,10762,5513.759999999993
2025-09-30 14:44:31,buy,1.53,2226,0.0,12988,5513.759999999993
2025-09-30 14:44:31,buy,1.53,6412,0.0,19400,5513.759999999993
2025-09-30 14:55:00,sell,1.54,0,86.38000000000359,0,5600.139999999997
2025-10-01 10:32:46,buy,1.55,3375,0.0,3375,5600.139999999997
2025-10-01 10:59:47,sell,1.57,0,4.0000000000000036,3175,5604.139999999997
2025-10-01 11:04:21,sell,1.58,0,6.000000000000005,2975,5610.139999999997
2025-10-01 11:13:42,sell,1.59,2776,0.0,-6725,5729.139999999997
2025-10-01 11:13:42,sell,1.59,3949,119.0000000000001,-3949,5729.139999999997
2025-10-01 11:16:40,buy,1.6,2975,-67.25000000000006,2975,5661.889999999997
2025-10-01 11:20:32,buy,1.6,9700,0.0,12675,5661.889999999997
2025-10-01 11:27:09,buy,1.59,6725,0.0,19400,5661.889999999997
2025-10-01 11:29:11,sell,1.6,0,33.625000000000526,9700,5695.514999999998
2025-10-01 14:04:36,sell,1.58,0,-78.8317525773194,4932,5616.6832474226785
2025-10-01 14:23:14,sell,1.58,0,-12.135592783505128,4198,5604.547654639174
2025-10-01 14:31:50,sell,1.58,5502,-69.4076546391751,-5502,5535.1399999999985
2025-10-01 14:55:00,buy,1.6,0,-110.04000000000009,0,5425.0999999999985
2025-10-02 10:20:42,buy,1.58,5030,0.0,9700,5425.0999999999985
2025-10-02 10:20:42,buy,1.58,4670,0.0,4670,5425.0999999999985
2025-10-02 11:15:33,sell,1.58,0,0.0,5458,5425.0999999999985
2025-10-02 11:16:03,sell,1.58,0,0.0,1663,5425.0999999999985
2025-10-02 11:16:03,sell,1.58,0,0.0,1214,5425.0999999999985
2025-10-02 11:16:54,sell,1.58,0,0.0,0,5425.0999999999985
2025-10-02 11:59:21,sell,1.59,9700,0.0,-9700,5425.0999999999985
2025-10-02 12:04:24,buy,1.59,0,0.0,-5624,5425.0999999999985
2025-10-02 12:04:24,buy,1.59,0,0.0,-4748,5425.0999999999985
2025-10-02 12:11:21,sell,1.59,256,0.0,-5004,5425.0999999999985
2025-10-02 12:11:23,sell,1.59,4490,0.0,-9494,5425.0999999999985
2025-10-02 12:23:28,buy,1.58,206,94.94000000000008,206,5520.039999999999
2025-10-02 12:30:40,buy,1.58,9700,0.0,9906,5520.039999999999
2025-10-02 14:55:00,sell,1.57,0,-99.05999999999788,0,5420.980000000001
2025-10-03 10:06:25,sell,1.57,2453,0.0,-2453,5420.980000000001
2025-10-03 11:41:09,sell,1.58,1620,0.0,-4073,5420.980000000001
2025-10-03 11:41:09,sell,1.58,8080,0.0,-12153,5420.980000000001
2025-10-03 11:51:44,buy,1.56,0,1.4025623302888004,-12075,5422.38256233029
2025-10-03 11:51:44,buy,1.56,0,3.110811322307211,-11902,5425.493373652597
2025-10-03 11:52:07,buy,1.57,0,0.9817329054554149,-11779,5426.475106558053
2025-10-03 11:52:07,buy,1.57,0,14.550399078416435,-9956,5441.0255056364695
2025-10-03 13:00:05,buy,1.55,0,271.42121286924834,-256,5712.446718505717
2025-10-03 14:43:01,sell,1.55,6590,0.0,-6846,5712.446718505717
2025-10-03 14:55:00,buy,1.56,0,-61.29671850571949,0,5651.149999999998
2025-10-06 10:08:08,buy,1.56,2139,0.0,2139,5651.149999999998
2025-10-06 10:09:24,buy,1.56,4459,0.0,6598,5651.149999999998
2025-10-06 10:43:40,sell,1.57,0,8.100000000000007,5788,5659.249999999998
2025-10-06 10:43:40,sell,1.57,3102,57.88000000000005,-3102,5717.129999999998
2025-10-06 10:47:40,buy,1.57,1816,0.0,1816,5717.129999999998
2025-10-06 10:47:47,buy,1.56,4782,0.0,6598,5717.129999999998
2025-10-06 13:37:34,buy,1.55,3474,0.0,10072,5717.129999999998
2025-10-06 13:37:34,buy,1.55,6226,0.0,16298,5717.129999999998
2025-10-06 13:38:56,buy,1.54,3102,0.0,19400,5717.129999999998
2025-10-06 14:55:00,sell,1.53,0,-441.12000000000313,0,5276.009999999995
2025-10-07 10:32:29,sell,1.54,9700,0.0,-9700,5276.009999999995
2025-10-07 11:16:54,buy,1.53,0,30.350000000000026,-6665,5306.359999999995
2025-10-07 14:55:00,buy,1.53,0,66.65000000000006,0,5373.009999999995
2025-10-08 10:36:21,sell,1.55,2968,0.0,-2968,5373.009999999995
2025-10-08 10:36:21,sell,1.55,6732,0.0,-9700,5373.009999999995
2025-10-08 10:43:33,buy,1.54,0,21.14000000000002,-7586,5394.149999999995
2025-10-08 10:43:39,buy,1.54,0,30.84000000000003,-4502,5424.989999999995
2025-10-08 10:43:39,buy,1.54,0,19.470000000000017,-2555,5444.4599999999955
2025-10-08 14:55:01,buy,1.54,0,25.550000000000022,0,5470.009999999996
2025-10-09 13:06:42,sell,1.55,1723,0.0,-1723,5470.009999999996
2025-10-09 13:19:35,buy,1.55,0,0.0,-1407,5470.009999999996
2025-10-09 14:55:00,buy,1.56,0,-14.070000000000013,0,5455.939999999996
2025-10-14 13:53:36,buy,1.53,9700,0.0,9700,5455.939999999996
2025-10-14 14:44:06,buy,1.52,1000,0.0,10700,5455.939999999996
2025-10-14 14:44:06,buy,1.52,8700,0.0,19400,5455.939999999996
2025-10-14 14:55:00,sell,1.54,0,291.0000000000024,0,5746.939999999999
2025-10-15 10:08:52,sell,1.54,100,0.0,-100,5746.939999999999
2025-10-15 10:08:52,sell,1.54,2017,0.0,-2117,5746.939999999999
2025-10-15 13:39:38,sell,1.56,9700,0.0,-11817,5746.939999999999
2025-10-15 14:24:47,buy,1.55,0,62.24515528475838,-2117,5809.1851552847575
2025-10-15 14:55:00,buy,1.56,0,-7.585155284759453,0,5801.599999999998
2025-10-16 14:37:44,buy,1.54,9700,0.0,9700,5801.599999999998
2025-10-16 14:55:00,sell,1.55,0,97.00000000000009,0,5898.599999999998
2025-10-17 11:40:36,buy,1.54,9700,0.0,9700,5898.599999999998
2025-10-17 14:55:00,sell,1.55,0,97.00000000000009,0,5995.599999999998
2025-10-21 13:29:42,sell,1.55,8463,0.0,-8463,5995.599999999998
2025-10-21 13:29:42,sell,1.55,1068,0.0,-9531,5995.599999999998
2025-10-21 13:29:42,sell,1.55,169,0.0,-9700,5995.599999999998
2025-10-21 13:55:51,sell,1.55,9700,0.0,-19400,5995.599999999998
2025-10-21 13:56:11,buy,1.54,0,45.70000000000004,-14830,6041.299999999997
2025-10-21 13:56:11,buy,1.54,0,1.3800000000000012,-14692,6042.679999999998
2025-10-21 14:33:23,sell,1.55,1815,0.0,-16507,6042.679999999998
2025-10-21 14:55:00,buy,1.55,0,0.0,0,6042.679999999998
2025-10-22 13:15:17,buy,1.53,9700,0.0,9700,6042.679999999998
2025-10-22 14:55:00,sell,1.53,0,0.0,0,6042.679999999998
2025-10-23 12:05:16,buy,1.52,9700,0.0,9700,6042.679999999998
2025-10-23 12:09:48,sell,1.53,0,97.00000000000009,0,6139.679999999998
2025-10-23 14:10:00,sell,1.54,9700,0.0,-9700,6139.679999999998
2025-10-23 14:10:02,buy,1.53,0,97.00000000000009,0,6236.679999999998
2025-10-23 14:13:11,sell,1.53,5000,0.0,-5000,6236.679999999998
2025-10-23 14:13:11,sell,1.53,2609,0.0,-7609,6236.679999999998
2025-10-23 14:55:00,buy,1.55,0,-152.18000000000015,0,6084.499999999997
2025-10-24 13:43:31,buy,1.54,9700,0.0,9700,6084.499999999997
2025-10-24 13:43:58,sell,1.55,0,97.00000000000009,0,6181.499999999997
2025-10-24 13:50:38,sell,1.56,8590,0.0,-8590,6181.499999999997
2025-10-24 14:55:00,buy,1.56,0,0.0,0,6181.499999999997
