timestamp,side,fill_price,fill_qty,realized_pnl,position,pnl,security
2025-04-14 10:18:47,sell,1.52,2091,0,-2091,0,SPINNEYS
2025-04-14 10:23:03,sell,1.52,1530,0,-3621,0,SPINNEYS
2025-04-14 10:23:28,sell,1.53,6079,0,-9700,0,SPINNEYS
2025-04-14 10:41:54,buy,1.52,0,31,-4700,31,SPINNEYS
2025-04-14 10:41:54,buy,1.52,0,11,-2900,43,SPINNEYS
2025-04-14 10:42:16,buy,1.52,0,18,0,61,SPINNEYS
2025-04-14 11:02:35,sell,1.53,9700,0,-9700,61,SPINNEYS
2025-04-14 12:12:50,buy,1.53,0,0,-1133,61,SPINNEYS
2025-04-14 12:12:50,buy,1.53,0,0,0,61,SPINNEYS
2025-04-14 14:28:08,buy,1.53,3915,0,3915,61,SPINNEYS
2025-04-14 14:28:08,buy,1.53,3251,0,7166,61,SPINNEYS
2025-04-14 14:35:10,buy,1.52,2500,0,9666,61,SPINNEYS
2025-04-14 14:39:23,buy,1.52,34,0,9700,61,SPINNEYS
2025-04-14 14:55:00,sell,1.53,0,25,0,86,SPINNEYS
2025-04-15 10:30:21,buy,1.52,340,0,340,86,SPINNEYS
2025-04-15 10:30:21,buy,1.52,9360,0,9700,86,SPINNEYS
2025-04-15 12:25:58,sell,1.54,0,4,9505,90,SPINNEYS
2025-04-15 12:25:58,sell,1.54,0,95,4775,185,SPINNEYS
2025-04-15 12:26:11,sell,1.54,0,46,2473,231,SPINNEYS
2025-04-15 12:26:33,sell,1.54,0,49,0,280,SPINNEYS
2025-04-16 10:10:24,sell,1.53,5000,0,-5000,280,SPINNEYS
2025-04-16 14:55:00,buy,1.53,0,0,0,280,SPINNEYS
2025-04-17 10:35:19,buy,1.52,195,0,195,280,SPINNEYS
2025-04-17 10:35:19,buy,1.52,9505,0,9700,280,SPINNEYS
2025-04-17 14:44:30,buy,1.5,9700,0,19400,280,SPINNEYS
2025-04-17 14:55:01,sell,1.52,0,194,0,474,SPINNEYS
2025-04-21 12:50:37,sell,1.49,9700,0,-9700,474,SPINNEYS
2025-04-21 14:55:00,buy,1.48,0,97,0,571,SPINNEYS
2025-04-23 10:15:53,sell,1.5,382,0,-382,571,SPINNEYS
2025-04-23 10:15:54,sell,1.5,5,0,-387,571,SPINNEYS
2025-04-23 14:55:00,buy,1.5,0,0,0,571,SPINNEYS
2025-04-24 14:35:58,buy,1.47,1490,0,1490,571,SPINNEYS
2025-04-24 14:35:58,buy,1.47,4218,0,5708,571,SPINNEYS
2025-04-24 14:35:59,buy,1.47,3992,0,9700,571,SPINNEYS
2025-04-24 14:55:00,sell,1.48,0,97,0,668,SPINNEYS
2025-04-28 11:30:06,buy,1.48,195,0,195,668,SPINNEYS
2025-04-28 11:30:06,buy,1.48,9505,0,9700,668,SPINNEYS
2025-04-28 12:03:58,buy,1.48,2934,0,12634,668,SPINNEYS
2025-04-28 12:06:16,buy,1.48,6766,0,19400,668,SPINNEYS
2025-04-28 14:55:00,sell,1.45,0,-582,0,86,SPINNEYS
2025-04-29 10:08:48,sell,1.47,5000,0,-5000,86,SPINNEYS
2025-04-29 10:08:48,sell,1.48,4700,0,-9700,86,SPINNEYS
2025-04-29 10:31:34,sell,1.48,3342,0,-13042,86,SPINNEYS
2025-04-29 10:31:34,sell,1.48,1595,0,-14637,86,SPINNEYS
2025-04-29 10:43:20,buy,1.46,0,83,-9637,169,SPINNEYS
2025-04-29 10:43:20,buy,1.46,0,17,-8629,186,SPINNEYS
2025-04-29 12:09:24,buy,1.44,0,119,-5387,304,SPINNEYS
2025-04-29 13:55:58,sell,1.45,9700,0,-15087,304,SPINNEYS
2025-04-29 14:25:36,buy,1.45,0,47,-10106,352,SPINNEYS
2025-04-29 14:25:48,buy,1.45,0,45,-5387,396,SPINNEYS
2025-04-29 14:55:00,buy,1.45,0,51,0,448,SPINNEYS
2025-04-30 10:19:03,sell,1.47,177,0,-177,448,SPINNEYS
2025-04-30 12:35:52,buy,1.44,9523,5,9523,453,SPINNEYS
2025-04-30 12:36:50,sell,1.46,0,100,4523,553,SPINNEYS
2025-04-30 13:55:10,buy,1.45,5000,0,9523,553,SPINNEYS
2025-04-30 13:55:10,buy,1.45,195,0,9718,553,SPINNEYS
2025-04-30 13:55:10,buy,1.45,195,0,9913,553,SPINNEYS
2025-04-30 13:55:10,buy,1.45,4310,0,14223,553,SPINNEYS
2025-04-30 14:55:01,sell,1.44,0,-97,0,456,SPINNEYS
2025-05-01 10:48:36,sell,1.46,9700,0,-9700,456,SPINNEYS
2025-05-01 13:25:13,sell,1.48,4605,0,-14305,456,SPINNEYS
2025-05-01 13:31:15,sell,1.48,4000,0,-18305,456,SPINNEYS
2025-05-01 13:32:15,sell,1.48,1095,0,-19400,456,SPINNEYS
2025-05-01 14:55:00,buy,1.48,0,-194,0,262,SPINNEYS
2025-05-02 14:11:26,sell,1.48,9700,0,-9700,262,SPINNEYS
2025-05-02 14:14:32,buy,1.47,0,37,-6002,299,SPINNEYS
2025-05-02 14:55:00,buy,1.49,0,-60,0,239,SPINNEYS
2025-05-05 11:29:11,buy,1.48,9700,0,9700,239,SPINNEYS
2025-05-05 14:38:15,sell,1.48,0,0,3424,239,SPINNEYS
2025-05-05 14:39:36,sell,1.48,0,0,0,239,SPINNEYS
2025-05-06 11:11:47,sell,1.5,1238,0,-1238,239,SPINNEYS
2025-05-06 11:11:47,sell,1.5,8462,0,-9700,239,SPINNEYS
2025-05-06 13:03:50,buy,1.49,0,4,-9254,243,SPINNEYS
2025-05-06 13:06:20,buy,1.49,0,20,-7237,263,SPINNEYS
2025-05-06 14:55:00,buy,1.5,0,0,0,263,SPINNEYS
2025-05-08 13:53:58,buy,1.5,9700,0,9700,263,SPINNEYS
2025-05-08 14:55:00,sell,1.5,0,0,0,263,SPINNEYS
2025-05-13 10:06:37,sell,1.51,1852,0,-1852,263,SPINNEYS
2025-05-13 10:06:37,sell,1.51,2775,0,-4627,263,SPINNEYS
2025-05-13 10:11:37,sell,1.51,5073,0,-9700,263,SPINNEYS
2025-05-13 10:34:48,buy,1.5,0,97,0,360,SPINNEYS
2025-05-13 13:03:08,buy,1.47,9700,0,9700,360,SPINNEYS
2025-05-13 14:41:54,buy,1.47,250,0,9950,360,SPINNEYS
2025-05-13 14:41:54,buy,1.47,7851,0,17801,360,SPINNEYS
2025-05-13 14:43:17,buy,1.47,1599,0,19400,360,SPINNEYS
2025-05-13 14:55:00,sell,1.5,0,582,0,942,SPINNEYS
2025-05-14 10:58:21,sell,1.5,6826,0,-6826,942,SPINNEYS
2025-05-14 10:58:21,sell,1.5,2874,0,-9700,942,SPINNEYS
2025-05-14 13:52:38,buy,1.48,0,40,-7683,983,SPINNEYS
2025-05-14 13:56:58,buy,1.49,0,10,-6697,993,SPINNEYS
2025-05-14 13:56:58,buy,1.49,0,2,-6455,995,SPINNEYS
2025-05-14 14:08:38,sell,1.5,4225,0,-10680,995,SPINNEYS
2025-05-14 14:11:26,sell,1.49,600,0,-11280,995,SPINNEYS
2025-05-14 14:39:29,sell,1.48,2899,0,-14179,995,SPINNEYS
2025-05-14 14:41:50,sell,1.48,5221,0,-19400,995,SPINNEYS
2025-05-14 14:55:00,buy,1.5,0,-168,0,827,SPINNEYS
2025-05-15 11:54:04,buy,1.46,6000,0,6000,827,SPINNEYS
2025-05-15 11:54:04,buy,1.46,3700,0,9700,827,SPINNEYS
2025-05-15 12:43:15,sell,1.47,0,97,0,924,SPINNEYS
2025-05-15 13:01:25,sell,1.48,1981,0,-1981,924,SPINNEYS
2025-05-15 14:55:00,buy,1.48,0,0,0,924,SPINNEYS
2025-05-16 12:07:27,buy,1.47,7381,0,7381,924,SPINNEYS
2025-05-16 12:10:52,buy,1.47,2319,0,9700,924,SPINNEYS
2025-05-16 14:34:01,sell,1.48,0,30,6654,954,SPINNEYS
2025-05-16 14:34:31,sell,1.48,0,60,654,1014,SPINNEYS
2025-05-16 14:34:31,buy,1.48,6000,0,6654,1014,SPINNEYS
2025-05-16 14:36:29,sell,1.48,0,1,6000,1015,SPINNEYS
2025-05-16 14:36:29,buy,1.48,3700,0,9700,1015,SPINNEYS
2025-05-16 14:55:00,sell,1.49,0,103,0,1118,SPINNEYS
2025-05-19 13:39:02,sell,1.49,1253,0,-1253,1118,SPINNEYS
2025-05-19 13:39:02,sell,1.49,8447,0,-9700,1118,SPINNEYS
2025-05-19 14:55:00,buy,1.47,0,194,0,1312,SPINNEYS
2025-05-20 10:05:14,sell,1.49,4778,0,-4778,1312,SPINNEYS
2025-05-20 10:29:22,buy,1.47,0,14,-4056,1326,SPINNEYS
2025-05-20 10:29:22,buy,1.47,4922,81,4922,1407,SPINNEYS
2025-05-20 14:55:00,sell,1.47,0,0,0,1407,SPINNEYS
2025-05-23 11:55:06,buy,1.49,1717,0,1717,1407,SPINNEYS
2025-05-23 11:55:08,buy,1.49,250,0,1967,1407,SPINNEYS
2025-05-23 14:55:00,sell,1.5,0,20,0,1427,SPINNEYS
2025-05-26 10:26:48,sell,1.5,8374,0,-8374,1427,SPINNEYS
2025-05-26 10:26:48,sell,1.5,1326,0,-9700,1427,SPINNEYS
2025-05-26 12:59:02,buy,1.49,0,29,-6767,1456,SPINNEYS
2025-05-26 12:59:02,buy,1.48,0,6,-6474,1462,SPINNEYS
2025-05-26 12:59:02,buy,1.48,0,100,-1474,1562,SPINNEYS
2025-05-26 12:59:02,buy,1.48,0,29,0,1592,SPINNEYS
2025-05-26 14:02:59,buy,1.49,9700,0,9700,1592,SPINNEYS
2025-05-26 14:02:59,sell,1.49,0,0,7540,1592,SPINNEYS
2025-05-26 14:43:23,sell,1.51,2118,151,-2118,1742,SPINNEYS
2025-05-26 14:44:33,sell,1.51,42,0,-2160,1742,SPINNEYS
2025-05-26 14:55:00,buy,1.51,0,0,0,1742,SPINNEYS
2025-05-27 11:22:05,buy,1.5,3192,0,3192,1742,SPINNEYS
2025-05-27 11:22:05,buy,1.5,6508,0,9700,1742,SPINNEYS
2025-05-27 11:46:40,buy,1.5,9393,0,19093,1742,SPINNEYS
2025-05-27 11:46:40,buy,1.5,307,0,19400,1742,SPINNEYS
2025-05-27 12:41:39,sell,1.49,0,-97,9700,1645,SPINNEYS
2025-05-27 13:16:15,buy,1.49,1924,0,11624,1645,SPINNEYS
2025-05-27 13:16:15,buy,1.49,5322,0,16946,1645,SPINNEYS
2025-05-27 13:16:15,buy,1.48,2454,0,19400,1645,SPINNEYS
2025-05-27 13:57:44,sell,1.51,0,10,18777,1656,SPINNEYS
2025-05-27 13:57:44,sell,1.51,0,148,9700,1803,SPINNEYS
2025-05-27 13:59:47,buy,1.49,623,0,10323,1803,SPINNEYS
2025-05-27 14:55:01,sell,1.51,0,170,0,1973,SPINNEYS
2025-05-29 10:51:43,sell,1.51,273,0,-273,1973,SPINNEYS
2025-05-29 10:51:43,sell,1.51,1517,0,-1790,1973,SPINNEYS
2025-05-29 10:51:43,sell,1.51,2000,0,-3790,1973,SPINNEYS
2025-05-29 10:51:43,sell,1.51,559,0,-4349,1973,SPINNEYS
2025-05-29 10:52:07,sell,1.5,5351,0,-9700,1973,SPINNEYS
2025-05-29 11:12:39,sell,1.5,9700,0,-19400,1973,SPINNEYS
2025-05-29 12:06:01,buy,1.5,0,9,-15240,1983,SPINNEYS
2025-05-29 12:06:01,buy,1.5,0,12,-9700,1995,SPINNEYS
2025-05-29 14:55:00,buy,1.5,0,22,0,2017,SPINNEYS
2025-05-30 10:43:51,buy,1.5,1180,0,1180,2017,SPINNEYS
2025-05-30 14:55:01,sell,1.5,0,0,0,2017,SPINNEYS
2025-06-02 10:24:01,sell,1.49,7983,0,-7983,2017,SPINNEYS
2025-06-02 10:24:03,sell,1.5,496,0,-8479,2017,SPINNEYS
2025-06-02 14:55:00,buy,1.49,0,5,0,2022,SPINNEYS
2025-06-03 11:04:11,sell,1.5,9700,0,-9700,2022,SPINNEYS
2025-06-03 11:04:12,buy,1.48,0,194,0,2216,SPINNEYS
2025-06-04 10:15:39,sell,1.5,1905,0,-1905,2216,SPINNEYS
2025-06-04 10:15:39,sell,1.5,2036,0,-3941,2216,SPINNEYS
2025-06-04 10:15:39,sell,1.5,5040,0,-8981,2216,SPINNEYS
2025-06-04 10:15:39,sell,1.5,719,0,-9700,2216,SPINNEYS
2025-06-04 11:06:03,sell,1.5,9700,0,-19400,2216,SPINNEYS
2025-06-04 11:33:46,buy,1.5,0,0,-15900,2216,SPINNEYS
2025-06-04 11:33:46,buy,1.5,0,0,-14461,2216,SPINNEYS
2025-06-04 13:19:33,sell,1.51,4647,0,-19108,2216,SPINNEYS
2025-06-04 13:19:33,sell,1.51,292,0,-19400,2216,SPINNEYS
2025-06-04 14:25:27,buy,1.51,0,-34,-14830,2182,SPINNEYS
2025-06-04 14:25:28,buy,1.51,0,-38,-9700,2144,SPINNEYS
2025-06-04 14:44:27,sell,1.52,9700,0,-19400,2144,SPINNEYS
2025-06-04 14:55:00,buy,1.52,0,-169,0,1974,SPINNEYS
2025-06-09 12:25:31,buy,1.5,282,0,282,1974,SPINNEYS
2025-06-09 12:46:39,sell,1.51,9418,3,-9418,1977,SPINNEYS
2025-06-09 12:46:39,buy,1.5,282,94,282,2071,SPINNEYS
2025-06-09 13:07:16,sell,1.5,9418,0,-9418,2071,SPINNEYS
2025-06-09 14:55:01,buy,1.5,0,0,0,2071,SPINNEYS
2025-06-11 14:22:29,sell,1.5,9700,0,-9700,2071,SPINNEYS
2025-06-11 14:55:01,buy,1.51,0,-97,0,1974,SPINNEYS
2025-06-12 13:59:38,sell,1.49,2282,0,-2282,1974,SPINNEYS
2025-06-12 13:59:58,sell,1.5,650,0,-2932,1974,SPINNEYS
2025-06-12 13:59:58,sell,1.5,793,0,-3725,1974,SPINNEYS
2025-06-12 14:01:20,sell,1.49,5975,0,-9700,1974,SPINNEYS
2025-06-12 14:55:00,buy,1.5,0,-83,0,1892,SPINNEYS
2025-06-13 11:25:29,sell,1.47,9700,0,-9700,1892,SPINNEYS
2025-06-13 14:55:00,buy,1.49,0,-194,0,1698,SPINNEYS
2025-06-16 13:36:00,sell,1.49,9700,0,-9700,1698,SPINNEYS
2025-06-16 14:55:00,buy,1.49,0,0,0,1698,SPINNEYS
2025-06-19 11:18:20,buy,1.45,5263,0,5263,1698,SPINNEYS
2025-06-19 14:55:00,sell,1.48,0,158,0,1856,SPINNEYS
2025-06-20 10:27:44,buy,1.49,9700,0,9700,1856,SPINNEYS
2025-06-20 12:34:08,buy,1.47,3269,0,12969,1856,SPINNEYS
2025-06-20 14:55:00,sell,1.48,0,-64,0,1791,SPINNEYS
2025-06-24 10:32:03,buy,1.49,1059,0,1059,1791,SPINNEYS
2025-06-24 11:30:00,buy,1.48,9700,0,10759,1791,SPINNEYS
2025-06-24 11:45:06,buy,1.47,8641,0,19400,1791,SPINNEYS
2025-06-24 15:00:20,sell,1.47,0,-118,0,1673,SPINNEYS
2025-06-25 10:36:55,buy,1.47,3446,0,3446,1673,SPINNEYS
2025-06-25 11:15:05,buy,1.47,9700,0,13146,1673,SPINNEYS
2025-06-25 11:49:40,buy,1.46,6254,0,19400,1673,SPINNEYS
2025-06-25 14:55:00,sell,1.46,0,-131,0,1542,SPINNEYS
2025-06-26 10:07:04,sell,1.48,9700,0,-9700,1542,SPINNEYS
2025-06-26 10:21:57,buy,1.46,0,194,0,1736,SPINNEYS
2025-06-26 10:31:25,sell,1.46,2063,0,-2063,1736,SPINNEYS
2025-06-26 10:33:45,sell,1.46,2937,0,-5000,1736,SPINNEYS
2025-06-26 10:33:45,sell,1.46,4700,0,-9700,1736,SPINNEYS
2025-06-26 10:36:56,buy,1.46,0,0,-9200,1736,SPINNEYS
2025-06-26 10:38:00,buy,1.45,0,92,0,1828,SPINNEYS
2025-06-26 11:41:37,sell,1.46,2017,0,-2017,1828,SPINNEYS
2025-06-26 11:45:03,sell,1.46,100,0,-2117,1828,SPINNEYS
2025-06-26 11:47:24,sell,1.46,7583,0,-9700,1828,SPINNEYS
2025-06-26 11:52:57,buy,1.46,0,0,0,1828,SPINNEYS
2025-06-30 10:07:01,sell,1.46,1517,0,-1517,1828,SPINNEYS
2025-06-30 11:13:53,sell,1.48,1974,0,-3491,1828,SPINNEYS
2025-06-30 11:20:52,sell,1.48,1084,0,-4575,1828,SPINNEYS
2025-06-30 11:37:45,buy,1.47,5125,15,5125,1843,SPINNEYS
2025-06-30 12:12:11,buy,1.45,4620,0,9745,1843,SPINNEYS
2025-06-30 12:12:18,buy,1.45,1100,0,10845,1843,SPINNEYS
2025-06-30 12:12:51,buy,1.45,3980,0,14825,1843,SPINNEYS
2025-06-30 12:19:48,sell,1.46,0,30,5125,1873,SPINNEYS
2025-06-30 13:33:52,buy,1.46,9700,0,14825,1873,SPINNEYS
2025-06-30 14:55:00,sell,1.49,0,461,0,2334,SPINNEYS
2025-07-01 10:40:43,buy,1.47,1017,0,1017,2334,SPINNEYS
2025-07-01 12:49:27,buy,1.46,5000,0,6017,2334,SPINNEYS
2025-07-01 12:52:35,buy,1.46,4700,0,10717,2334,SPINNEYS
2025-07-01 13:07:21,sell,1.47,0,88,1017,2421,SPINNEYS
2025-07-01 13:32:45,sell,1.49,0,15,512,2436,SPINNEYS
2025-07-01 13:39:00,sell,1.49,534,15,-534,2451,SPINNEYS
2025-07-01 13:39:00,sell,1.49,6663,0,-7197,2451,SPINNEYS
2025-07-01 13:39:00,sell,1.49,1486,0,-8683,2451,SPINNEYS
2025-07-01 13:53:37,buy,1.48,1017,87,1017,2538,SPINNEYS
2025-07-01 14:08:12,buy,1.48,3516,0,4533,2538,SPINNEYS
2025-07-01 14:24:16,buy,1.48,9700,0,14233,2538,SPINNEYS
2025-07-01 14:55:00,sell,1.48,0,0,0,2538,SPINNEYS
2025-07-02 13:45:25,sell,1.5,9700,0,-9700,2538,SPINNEYS
2025-07-02 14:06:59,buy,1.49,0,18,-7858,2556,SPINNEYS
2025-07-02 14:24:21,buy,1.49,1842,79,1842,2635,SPINNEYS
2025-07-02 14:40:02,buy,1.49,3404,0,5246,2635,SPINNEYS
2025-07-02 14:55:00,sell,1.5,0,52,0,2687,SPINNEYS
2025-07-03 12:33:34,buy,1.49,5130,0,5130,2687,SPINNEYS
2025-07-03 12:33:34,buy,1.48,1,0,5131,2687,SPINNEYS
2025-07-03 12:41:19,buy,1.48,1799,0,6930,2687,SPINNEYS
2025-07-03 12:41:19,buy,1.48,2770,0,9700,2687,SPINNEYS
2025-07-03 12:56:24,buy,1.48,925,0,10625,2687,SPINNEYS
2025-07-03 13:01:16,buy,1.48,2017,0,12642,2687,SPINNEYS
2025-07-03 13:07:32,buy,1.48,2983,0,15625,2687,SPINNEYS
2025-07-03 13:07:32,buy,1.48,3775,0,19400,2687,SPINNEYS
2025-07-03 14:07:55,sell,1.47,0,-123,9700,2564,SPINNEYS
2025-07-03 14:25:20,buy,1.45,9700,0,19400,2564,SPINNEYS
2025-07-03 14:33:07,sell,1.46,0,-13,17383,2552,SPINNEYS
2025-07-03 14:37:22,sell,1.47,0,15,13216,2567,SPINNEYS
2025-07-03 14:37:22,sell,1.47,0,13,9700,2580,SPINNEYS
2025-07-03 14:55:00,sell,1.47,0,36,0,2616,SPINNEYS
2025-07-04 10:41:08,sell,1.47,2017,0,-2017,2616,SPINNEYS
2025-07-04 14:09:35,sell,1.48,200,0,-2217,2616,SPINNEYS
2025-07-04 14:55:00,buy,1.47,0,2,0,2618,SPINNEYS
2025-07-07 10:10:56,sell,1.47,9700,0,-9700,2618,SPINNEYS
2025-07-07 11:52:37,sell,1.49,1275,0,-10975,2618,SPINNEYS
2025-07-07 11:56:29,sell,1.49,1225,0,-12200,2618,SPINNEYS
2025-07-07 11:56:29,sell,1.49,7200,0,-19400,2618,SPINNEYS
2025-07-07 12:33:13,buy,1.47,0,13,-18140,2630,SPINNEYS
2025-07-07 12:42:25,buy,1.47,0,84,-9700,2715,SPINNEYS
2025-07-07 13:24:47,buy,1.47,0,14,-8269,2729,SPINNEYS
2025-07-07 13:25:08,buy,1.47,0,83,0,2812,SPINNEYS
2025-07-07 13:40:07,buy,1.46,9700,0,9700,2812,SPINNEYS
2025-07-07 13:52:55,buy,1.46,9171,0,18871,2812,SPINNEYS
2025-07-07 13:52:55,buy,1.46,529,0,19400,2812,SPINNEYS
2025-07-07 14:21:48,sell,1.46,0,0,18172,2812,SPINNEYS
2025-07-07 14:25:24,sell,1.46,0,0,16523,2812,SPINNEYS
2025-07-07 14:28:25,sell,1.46,0,0,14991,2812,SPINNEYS
2025-07-07 14:31:33,sell,1.46,0,0,13426,2812,SPINNEYS
2025-07-07 14:34:21,sell,1.46,0,0,9700,2812,SPINNEYS
2025-07-07 14:55:00,sell,1.48,0,194,0,3006,SPINNEYS
2025-07-08 10:27:12,buy,1.47,9700,0,9700,3006,SPINNEYS
2025-07-08 11:07:30,buy,1.47,9700,0,19400,3006,SPINNEYS
2025-07-08 11:10:01,sell,1.47,0,0,9700,3006,SPINNEYS
2025-07-08 13:18:28,buy,1.47,4838,0,14538,3006,SPINNEYS
2025-07-08 13:18:28,buy,1.47,4862,0,19400,3006,SPINNEYS
2025-07-08 14:55:00,sell,1.48,0,194,0,3200,SPINNEYS
2025-07-09 10:54:23,buy,1.46,9700,0,9700,3200,SPINNEYS
2025-07-09 11:14:39,buy,1.46,8000,0,17700,3200,SPINNEYS
2025-07-09 11:14:39,buy,1.46,1700,0,19400,3200,SPINNEYS
2025-07-09 13:08:51,sell,1.48,0,36,17614,3235,SPINNEYS
2025-07-09 13:15:05,sell,1.48,0,37,15777,3272,SPINNEYS
2025-07-09 13:16:38,sell,1.48,0,122,9700,3394,SPINNEYS
2025-07-09 13:51:40,buy,1.47,3736,0,13436,3394,SPINNEYS
2025-07-09 13:52:02,buy,1.47,5000,0,18436,3394,SPINNEYS
2025-07-09 13:53:55,buy,1.47,964,0,19400,3394,SPINNEYS
2025-07-09 14:55:00,sell,1.47,0,97,0,3491,SPINNEYS
2025-07-10 10:26:43,sell,1.47,394,0,-394,3491,SPINNEYS
2025-07-10 10:26:43,sell,1.47,5423,0,-5817,3491,SPINNEYS
2025-07-10 11:55:55,buy,1.47,3883,0,3883,3491,SPINNEYS
2025-07-10 12:33:36,buy,1.47,1433,0,5316,3491,SPINNEYS
2025-07-10 12:37:23,buy,1.47,8267,0,13583,3491,SPINNEYS
2025-07-10 13:16:05,buy,1.47,5556,0,19139,3491,SPINNEYS
2025-07-10 13:16:05,buy,1.47,261,0,19400,3491,SPINNEYS
2025-07-10 13:23:21,sell,1.47,0,0,9700,3491,SPINNEYS
2025-07-10 14:55:00,sell,1.48,0,97,0,3588,SPINNEYS
2025-07-11 11:29:00,sell,1.49,2207,0,-2207,3588,SPINNEYS
2025-07-11 11:31:36,sell,1.48,37,0,-2244,3588,SPINNEYS
2025-07-11 11:31:36,sell,1.48,2208,0,-4452,3588,SPINNEYS
2025-07-11 11:32:30,sell,1.48,5248,0,-9700,3588,SPINNEYS
2025-07-11 12:12:35,sell,1.5,500,0,-10200,3588,SPINNEYS
2025-07-11 12:18:21,sell,1.5,500,0,-10700,3588,SPINNEYS
2025-07-11 12:18:21,sell,1.5,1017,0,-11717,3588,SPINNEYS
2025-07-11 12:18:21,sell,1.5,249,0,-11966,3588,SPINNEYS
2025-07-11 12:25:50,sell,1.5,1787,0,-13753,3588,SPINNEYS
2025-07-11 12:28:42,sell,1.49,5000,0,-18753,3588,SPINNEYS
2025-07-11 12:33:12,sell,1.5,647,0,-19400,3588,SPINNEYS
2025-07-11 12:49:06,buy,1.49,0,-14,-9700,3574,SPINNEYS
2025-07-11 13:49:17,sell,1.5,1493,0,-11193,3574,SPINNEYS
2025-07-11 13:49:17,sell,1.5,8207,0,-19400,3574,SPINNEYS
2025-07-11 14:55:00,buy,1.51,0,-305,0,3269,SPINNEYS
2025-07-14 11:35:26,buy,1.5,9700,0,9700,3269,SPINNEYS
2025-07-14 14:29:05,buy,1.47,5114,0,14814,3269,SPINNEYS
2025-07-14 14:29:05,buy,1.47,4586,0,19400,3269,SPINNEYS
2025-07-14 14:55:00,sell,1.48,0,-97,0,3172,SPINNEYS
2025-07-15 13:10:18,buy,1.49,9700,0,9700,3172,SPINNEYS
2025-07-15 14:55:00,sell,1.5,0,97,0,3269,SPINNEYS
2025-07-16 13:19:11,sell,1.5,9700,0,-9700,3269,SPINNEYS
2025-07-16 14:55:00,buy,1.49,0,97,0,3366,SPINNEYS
2025-07-17 10:15:23,sell,1.5,1379,0,-1379,3366,SPINNEYS
2025-07-17 10:20:59,sell,1.5,1698,0,-3077,3366,SPINNEYS
2025-07-17 10:26:35,sell,1.5,1698,0,-4775,3366,SPINNEYS
2025-07-17 10:32:11,sell,1.5,1698,0,-6473,3366,SPINNEYS
2025-07-17 10:37:47,sell,1.5,1698,0,-8171,3366,SPINNEYS
2025-07-17 10:43:23,sell,1.5,1529,0,-9700,3366,SPINNEYS
2025-07-17 14:55:00,buy,1.5,0,0,0,3366,SPINNEYS
2025-07-18 14:34:45,sell,1.51,5218,0,-5218,3366,SPINNEYS
2025-07-18 14:35:17,sell,1.5,1785,0,-7003,3366,SPINNEYS
2025-07-18 14:35:36,sell,1.5,1848,0,-8851,3366,SPINNEYS
2025-07-18 14:55:01,buy,1.51,0,-36,0,3329,SPINNEYS
2025-07-22 10:35:26,sell,1.5,9496,0,-9496,3329,SPINNEYS
2025-07-22 10:35:42,sell,1.5,204,0,-9700,3329,SPINNEYS
2025-07-22 10:53:08,buy,1.5,0,0,-5576,3329,SPINNEYS
2025-07-22 10:53:08,buy,1.5,0,0,0,3329,SPINNEYS
2025-07-22 11:25:19,sell,1.5,9700,0,-9700,3329,SPINNEYS
2025-07-22 11:33:44,buy,1.5,0,0,0,3329,SPINNEYS
2025-07-22 11:54:28,buy,1.5,650,0,650,3329,SPINNEYS
2025-07-22 11:54:28,buy,1.5,4549,0,5199,3329,SPINNEYS
2025-07-22 11:56:41,buy,1.5,1000,0,6199,3329,SPINNEYS
2025-07-22 12:01:30,buy,1.5,3501,0,9700,3329,SPINNEYS
2025-07-22 12:48:00,sell,1.51,0,97,0,3426,SPINNEYS
2025-07-22 13:12:34,buy,1.51,9700,0,9700,3426,SPINNEYS
2025-07-22 13:25:57,buy,1.49,9700,0,19400,3426,SPINNEYS
2025-07-22 14:55:01,sell,1.5,0,0,0,3426,SPINNEYS
2025-07-23 10:24:26,sell,1.5,5000,0,-5000,3426,SPINNEYS
2025-07-23 10:24:26,sell,1.5,4700,0,-9700,3426,SPINNEYS
2025-07-23 10:51:30,sell,1.5,9700,0,-19400,3426,SPINNEYS
2025-07-23 14:55:00,buy,1.52,0,-388,0,3038,SPINNEYS
2025-07-24 12:39:50,sell,1.54,9700,0,-9700,3038,SPINNEYS
2025-07-24 12:55:33,sell,1.56,298,0,-9998,3038,SPINNEYS
2025-07-24 12:56:18,sell,1.56,9402,0,-19400,3038,SPINNEYS
2025-07-24 13:55:47,buy,1.57,0,-17,-18536,3021,SPINNEYS
2025-07-24 13:56:27,buy,1.56,0,-40,-14502,2981,SPINNEYS
2025-07-24 13:57:33,buy,1.56,0,-48,-9700,2933,SPINNEYS
2025-07-24 14:55:01,buy,1.57,0,-194,0,2739,SPINNEYS
2025-07-28 10:28:29,buy,1.55,9700,0,9700,2739,SPINNEYS
2025-07-28 14:55:00,sell,1.56,0,97,0,2836,SPINNEYS
2025-07-29 11:47:46,buy,1.54,2017,0,2017,2836,SPINNEYS
2025-07-29 11:50:08,buy,1.55,1285,0,3302,2836,SPINNEYS
2025-07-29 11:51:06,sell,1.55,0,10,1662,2846,SPINNEYS
2025-07-29 11:51:06,buy,1.55,1640,0,3302,2846,SPINNEYS
2025-07-29 11:53:01,sell,1.55,0,6,1239,2852,SPINNEYS
2025-07-29 11:53:01,buy,1.55,2063,0,3302,2852,SPINNEYS
2025-07-29 12:02:32,sell,1.55,1050,4,-1050,2856,SPINNEYS
2025-07-29 12:02:32,buy,1.55,1645,0,1645,2856,SPINNEYS
2025-07-29 12:02:32,sell,1.55,0,0,997,2856,SPINNEYS
2025-07-29 12:02:32,sell,1.55,0,0,0,2856,SPINNEYS
2025-07-29 12:12:53,sell,1.56,9700,0,-9700,2856,SPINNEYS
2025-07-29 12:29:00,buy,1.56,0,0,0,2856,SPINNEYS
2025-07-29 12:36:45,sell,1.58,9588,0,-9588,2856,SPINNEYS
2025-07-29 12:36:45,sell,1.58,112,0,-9700,2856,SPINNEYS
2025-07-29 13:00:58,sell,1.61,5000,0,-14700,2856,SPINNEYS
2025-07-29 13:00:58,sell,1.61,4700,0,-19400,2856,SPINNEYS
2025-07-29 13:05:02,buy,1.59,0,25,-14400,2881,SPINNEYS
2025-07-29 13:29:18,buy,1.58,0,145,-4700,3026,SPINNEYS
2025-07-29 14:08:24,sell,1.57,6404,0,-11104,3026,SPINNEYS
2025-07-29 14:08:51,sell,1.58,3296,0,-14400,3026,SPINNEYS
2025-07-29 14:55:00,buy,1.59,0,-138,0,2889,SPINNEYS
2025-07-30 10:13:10,sell,1.6,2063,0,-2063,2889,SPINNEYS
2025-07-30 10:13:10,sell,1.6,1000,0,-3063,2889,SPINNEYS
2025-07-30 10:13:10,sell,1.6,6637,0,-9700,2889,SPINNEYS
2025-07-30 10:19:07,buy,1.6,0,0,0,2889,SPINNEYS
2025-07-30 11:07:07,buy,1.6,2702,0,2702,2889,SPINNEYS
2025-07-30 11:15:01,buy,1.6,6998,0,9700,2889,SPINNEYS
2025-07-30 12:46:00,buy,1.6,9700,0,19400,2889,SPINNEYS
2025-07-30 14:55:00,sell,1.6,0,0,0,2889,SPINNEYS
2025-07-31 14:41:02,buy,1.57,2609,0,2609,2889,SPINNEYS
2025-07-31 14:44:45,buy,1.56,1500,0,4109,2889,SPINNEYS
2025-07-31 14:44:45,buy,1.56,3046,0,7155,2889,SPINNEYS
2025-07-31 14:55:01,sell,1.6,0,260,0,3149,SPINNEYS
2025-08-01 10:06:01,sell,1.6,9700,0,-9700,3149,SPINNEYS
2025-08-01 14:55:00,buy,1.63,0,-291,0,2858,SPINNEYS
2025-08-04 11:10:09,sell,1.6,3586,0,-3586,2858,SPINNEYS
2025-08-04 12:12:04,buy,1.6,5853,0,5853,2858,SPINNEYS
2025-08-04 12:12:04,buy,1.6,261,0,6114,2858,SPINNEYS
2025-08-04 14:55:00,sell,1.6,0,0,0,2858,SPINNEYS
2025-08-05 13:06:08,buy,1.59,9700,0,9700,2858,SPINNEYS
2025-08-05 13:36:02,sell,1.59,0,0,3360,2858,SPINNEYS
2025-08-05 13:39:45,sell,1.6,0,34,0,2892,SPINNEYS
2025-08-05 13:59:24,buy,1.6,8709,0,8709,2892,SPINNEYS
2025-08-05 14:55:00,sell,1.6,0,0,0,2892,SPINNEYS
2025-08-06 10:52:40,sell,1.59,9700,0,-9700,2892,SPINNEYS
2025-08-06 14:34:43,sell,1.58,1020,0,-10720,2892,SPINNEYS
2025-08-06 14:34:43,sell,1.58,367,0,-11087,2892,SPINNEYS
2025-08-06 14:37:02,sell,1.59,8313,0,-19400,2892,SPINNEYS
2025-08-06 14:42:51,buy,1.6,0,-1,-19347,2891,SPINNEYS
2025-08-06 14:42:51,buy,1.6,0,-103,-9700,2788,SPINNEYS
2025-08-06 14:55:01,buy,1.61,0,-201,0,2587,SPINNEYS
2025-08-07 10:26:32,sell,1.64,200,0,-200,2587,SPINNEYS
2025-08-07 10:27:25,sell,1.64,86,0,-286,2587,SPINNEYS
2025-08-07 10:27:25,sell,1.64,7414,0,-7700,2587,SPINNEYS
2025-08-07 10:27:36,sell,1.65,2000,0,-9700,2587,SPINNEYS
2025-08-07 11:05:12,buy,1.63,0,93,-1989,2680,SPINNEYS
2025-08-07 11:07:58,buy,1.63,0,24,0,2704,SPINNEYS
2025-08-07 11:21:09,buy,1.62,9700,0,9700,2704,SPINNEYS
2025-08-07 11:49:08,buy,1.61,2336,0,12036,2704,SPINNEYS
2025-08-07 12:23:42,sell,1.62,0,19,2336,2723,SPINNEYS
2025-08-07 14:41:50,buy,1.59,1497,0,3833,2723,SPINNEYS
2025-08-07 14:43:21,buy,1.6,8203,0,12036,2723,SPINNEYS
2025-08-07 14:55:00,sell,1.6,0,-27,0,2695,SPINNEYS
2025-08-11 11:05:20,buy,1.58,2150,0,2150,2695,SPINNEYS
2025-08-11 11:08:40,buy,1.58,2017,0,4167,2695,SPINNEYS
2025-08-11 13:48:00,buy,1.57,6700,0,10867,2695,SPINNEYS
2025-08-11 13:48:00,buy,1.57,2434,0,13301,2695,SPINNEYS
2025-08-11 13:48:01,buy,1.57,566,0,13867,2695,SPINNEYS
2025-08-11 14:55:00,sell,1.58,0,97,0,2792,SPINNEYS
2025-08-12 10:51:16,buy,1.58,2017,0,2017,2792,SPINNEYS
2025-08-12 10:52:17,buy,1.58,7683,0,9700,2792,SPINNEYS
2025-08-12 11:33:02,buy,1.58,9142,0,18842,2792,SPINNEYS
2025-08-12 11:33:02,buy,1.57,558,0,19400,2792,SPINNEYS
2025-08-12 13:55:00,sell,1.58,0,3,9700,2795,SPINNEYS
2025-08-12 14:07:26,buy,1.56,4000,0,13700,2795,SPINNEYS
2025-08-12 14:07:26,buy,1.56,5700,0,19400,2795,SPINNEYS
2025-08-12 14:07:31,sell,1.58,0,98,9700,2894,SPINNEYS
2025-08-12 14:55:00,sell,1.57,0,1,0,2895,SPINNEYS
2025-08-13 11:29:59,sell,1.59,38,0,-38,2895,SPINNEYS
2025-08-13 11:31:03,sell,1.59,4600,0,-4638,2895,SPINNEYS
2025-08-13 11:33:42,sell,1.58,5062,0,-9700,2895,SPINNEYS
2025-08-13 11:41:32,buy,1.57,0,1,-9636,2896,SPINNEYS
2025-08-13 11:41:32,buy,1.57,0,29,-7683,2925,SPINNEYS
2025-08-13 11:44:25,buy,1.57,0,25,-5959,2950,SPINNEYS
2025-08-13 12:04:23,sell,1.58,6686,0,-12645,2950,SPINNEYS
2025-08-13 12:04:25,sell,1.58,3014,0,-15659,2950,SPINNEYS
2025-08-13 12:12:53,buy,1.58,0,7,-11914,2957,SPINNEYS
2025-08-13 12:12:53,buy,1.58,0,11,-5959,2968,SPINNEYS
2025-08-13 12:22:18,sell,1.58,9700,0,-15659,2968,SPINNEYS
2025-08-13 14:55:01,buy,1.59,0,-146,0,2822,SPINNEYS
2025-08-14 14:09:58,sell,1.57,6165,0,-6165,2822,SPINNEYS
2025-08-14 14:09:58,sell,1.57,2335,0,-8500,2822,SPINNEYS
2025-08-14 14:55:00,buy,1.58,0,-85,0,2737,SPINNEYS
2025-08-18 12:22:33,buy,1.53,5989,0,5989,2737,SPINNEYS
2025-08-18 13:33:58,buy,1.52,9700,0,15689,2737,SPINNEYS
2025-08-18 15:00:20,sell,1.51,0,-217,0,2520,SPINNEYS
2025-08-19 11:15:22,sell,1.54,6969,0,-6969,2520,SPINNEYS
2025-08-19 11:15:52,sell,1.55,134,0,-7103,2520,SPINNEYS
2025-08-19 11:15:52,sell,1.55,2597,0,-9700,2520,SPINNEYS
2025-08-19 11:45:00,sell,1.57,178,0,-9878,2520,SPINNEYS
2025-08-19 11:49:49,sell,1.56,3500,0,-13378,2520,SPINNEYS
2025-08-19 11:51:17,sell,1.56,6022,0,-19400,2520,SPINNEYS
2025-08-19 11:51:32,buy,1.56,0,-66,-11581,2454,SPINNEYS
2025-08-19 11:55:39,buy,1.56,0,-16,-9700,2438,SPINNEYS
2025-08-19 12:22:49,sell,1.57,9700,0,-19400,2438,SPINNEYS
2025-08-19 13:35:18,buy,1.56,0,0,-18869,2438,SPINNEYS
2025-08-19 13:55:59,sell,1.56,531,0,-19400,2438,SPINNEYS
2025-08-19 14:40:36,buy,1.56,0,7,-9700,2445,SPINNEYS
2025-08-19 14:55:00,buy,1.57,0,-90,0,2355,SPINNEYS
2025-08-20 10:53:14,sell,1.55,7743,0,-7743,2355,SPINNEYS
2025-08-20 10:56:11,sell,1.56,1957,0,-9700,2355,SPINNEYS
2025-08-20 11:27:19,sell,1.56,654,0,-10354,2355,SPINNEYS
2025-08-20 11:42:35,sell,1.58,4000,0,-14354,2355,SPINNEYS
2025-08-20 11:42:35,sell,1.58,2017,0,-16371,2355,SPINNEYS
2025-08-20 11:42:35,sell,1.58,47,0,-16418,2355,SPINNEYS
2025-08-20 12:14:18,sell,1.58,202,0,-16620,2355,SPINNEYS
2025-08-20 12:14:18,sell,1.58,2780,0,-19400,2355,SPINNEYS
2025-08-20 13:46:57,buy,1.58,0,-33,-17127,2322,SPINNEYS
2025-08-20 13:52:43,buy,1.59,0,-20,-16320,2302,SPINNEYS
2025-08-20 13:53:26,buy,1.58,0,-40,-13609,2262,SPINNEYS
2025-08-20 13:56:15,buy,1.58,0,-57,-9700,2205,SPINNEYS
2025-08-20 14:55:00,buy,1.6,0,-336,0,1869,SPINNEYS
2025-08-21 10:13:41,sell,1.58,5161,0,-5161,1869,SPINNEYS
2025-08-21 11:16:45,sell,1.58,9700,0,-14861,1869,SPINNEYS
2025-08-21 11:37:16,sell,1.6,379,0,-15240,1869,SPINNEYS
2025-08-21 11:37:32,sell,1.61,3000,0,-18240,1869,SPINNEYS
2025-08-21 11:37:32,sell,1.61,1160,0,-19400,1869,SPINNEYS
2025-08-21 14:25:27,buy,1.6,0,-128,-9700,1741,SPINNEYS
2025-08-21 14:27:00,sell,1.63,6346,0,-16046,1741,SPINNEYS
2025-08-21 14:27:01,sell,1.64,3354,0,-19400,1741,SPINNEYS
2025-08-21 14:36:37,buy,1.62,0,-48,-14535,1693,SPINNEYS
2025-08-21 14:37:22,buy,1.62,0,-48,-9700,1645,SPINNEYS
2025-08-21 14:43:50,sell,1.62,4865,0,-14565,1645,SPINNEYS
2025-08-21 14:55:00,buy,1.6,0,196,0,1841,SPINNEYS
2025-08-22 12:18:15,sell,1.63,1380,0,-1380,1841,SPINNEYS
2025-08-22 12:18:15,sell,1.64,8320,0,-9700,1841,SPINNEYS
2025-08-22 14:44:20,sell,1.65,47,0,-9747,1841,SPINNEYS
2025-08-22 14:55:01,buy,1.65,0,-111,0,1730,SPINNEYS
2025-08-25 10:19:12,sell,1.64,8472,0,-8472,1730,SPINNEYS
2025-08-25 10:19:23,sell,1.65,73,0,-8545,1730,SPINNEYS
2025-08-25 10:19:23,sell,1.65,327,0,-8872,1730,SPINNEYS
2025-08-25 10:19:39,sell,1.65,200,0,-9072,1730,SPINNEYS
2025-08-25 10:19:55,sell,1.65,628,0,-9700,1730,SPINNEYS
2025-08-25 10:35:02,sell,1.69,8041,0,-17741,1730,SPINNEYS
2025-08-25 10:36:02,sell,1.69,1659,0,-19400,1730,SPINNEYS
2025-08-25 10:42:50,buy,1.67,0,-22,-14400,1708,SPINNEYS
2025-08-25 10:50:27,buy,1.66,0,26,-9700,1735,SPINNEYS
2025-08-25 11:02:55,buy,1.65,0,152,0,1887,SPINNEYS
2025-08-25 11:15:16,sell,1.66,6008,0,-6008,1887,SPINNEYS
2025-08-25 11:15:16,sell,1.66,3692,0,-9700,1887,SPINNEYS
2025-08-25 11:22:18,buy,1.65,0,46,-5100,1933,SPINNEYS
2025-08-25 11:27:52,buy,1.66,0,0,0,1933,SPINNEYS
2025-08-25 11:44:43,sell,1.66,9700,0,-9700,1933,SPINNEYS
2025-08-25 12:03:28,sell,1.67,9700,0,-19400,1933,SPINNEYS
2025-08-25 14:37:11,buy,1.65,0,31,-17337,1964,SPINNEYS
2025-08-25 14:40:52,buy,1.66,0,38,-9700,2002,SPINNEYS
2025-08-25 14:40:52,sell,1.66,2063,0,-11763,2002,SPINNEYS
2025-08-25 14:55:00,buy,1.67,0,-69,0,1933,SPINNEYS
2025-08-26 10:09:04,sell,1.67,2769,0,-2769,1933,SPINNEYS
2025-08-26 10:52:14,sell,1.68,535,0,-3304,1933,SPINNEYS
2025-08-26 10:57:26,buy,1.66,0,2,-3109,1935,SPINNEYS
2025-08-26 10:57:26,buy,1.66,2301,36,2301,1971,SPINNEYS
2025-08-26 10:57:26,buy,1.65,4095,0,6396,1971,SPINNEYS
2025-08-26 11:19:20,buy,1.64,195,0,6591,1971,SPINNEYS
2025-08-26 11:19:20,buy,1.64,1825,0,8416,1971,SPINNEYS
2025-08-26 11:28:53,buy,1.64,192,0,8608,1971,SPINNEYS
2025-08-26 11:29:42,buy,1.65,195,0,8803,1971,SPINNEYS
2025-08-26 11:29:42,buy,1.65,1825,0,10628,1971,SPINNEYS
2025-08-26 11:29:42,sell,1.66,0,17,8918,1988,SPINNEYS
2025-08-26 11:35:25,sell,1.65,0,0,4878,1988,SPINNEYS
2025-08-26 11:35:25,buy,1.65,4040,0,8918,1988,SPINNEYS
2025-08-26 11:39:18,buy,1.63,35,0,8953,1988,SPINNEYS
2025-08-26 11:42:50,buy,1.64,1393,0,10346,1988,SPINNEYS
2025-08-26 11:42:50,sell,1.65,0,0,10148,1988,SPINNEYS
2025-08-26 11:49:45,sell,1.65,0,1,9386,1989,SPINNEYS
2025-08-26 11:49:45,sell,1.65,0,0,9191,1989,SPINNEYS
2025-08-26 11:49:45,sell,1.65,0,4,6396,1993,SPINNEYS
2025-08-26 11:52:58,buy,1.62,3500,0,9896,1993,SPINNEYS
2025-08-26 11:52:58,buy,1.62,1000,0,10896,1993,SPINNEYS
2025-08-26 11:52:58,buy,1.62,110,0,11006,1993,SPINNEYS
2025-08-26 11:54:08,buy,1.63,3572,0,14578,1993,SPINNEYS
2025-08-26 11:54:08,buy,1.63,780,0,15358,1993,SPINNEYS
2025-08-26 12:21:36,buy,1.62,4042,0,19400,1993,SPINNEYS
2025-08-26 12:31:15,sell,1.63,0,-12,12068,1981,SPINNEYS
2025-08-26 13:10:27,buy,1.61,100,0,12168,1981,SPINNEYS
2025-08-26 13:12:12,buy,1.61,2017,0,14185,1981,SPINNEYS
2025-08-26 13:17:21,buy,1.61,1745,0,15930,1981,SPINNEYS
2025-08-26 13:32:26,sell,1.62,0,-15,13631,1966,SPINNEYS
2025-08-26 13:35:21,sell,1.62,0,-20,10563,1946,SPINNEYS
2025-08-26 13:35:25,sell,1.62,0,-13,8500,1933,SPINNEYS
2025-08-26 13:36:18,sell,1.62,0,-15,6230,1918,SPINNEYS
2025-08-26 14:15:34,sell,1.63,3470,22,-3470,1941,SPINNEYS
2025-08-26 14:38:10,buy,1.61,0,3,-3332,1943,SPINNEYS
2025-08-26 14:38:10,buy,1.61,6230,67,6230,2010,SPINNEYS
2025-08-26 14:55:01,sell,1.66,0,311,0,2322,SPINNEYS
2025-08-27 13:53:42,buy,1.64,2744,0,2744,2322,SPINNEYS
2025-08-27 13:53:42,buy,1.64,6956,0,9700,2322,SPINNEYS
2025-08-27 14:06:01,buy,1.64,9700,0,19400,2322,SPINNEYS
2025-08-27 14:55:00,sell,1.65,0,194,0,2516,SPINNEYS
2025-08-28 12:29:55,buy,1.62,9700,0,9700,2516,SPINNEYS
2025-08-28 14:55:00,sell,1.62,0,0,0,2516,SPINNEYS
2025-08-29 10:07:58,sell,1.64,1712,0,-1712,2516,SPINNEYS
2025-08-29 10:07:58,sell,1.64,2105,0,-3817,2516,SPINNEYS
2025-08-29 10:12:12,sell,1.64,2154,0,-5971,2516,SPINNEYS
2025-08-29 10:17:04,sell,1.64,2036,0,-8007,2516,SPINNEYS
2025-08-29 10:56:36,buy,1.64,0,0,-6332,2516,SPINNEYS
2025-08-29 10:56:36,buy,1.64,1693,0,1693,2516,SPINNEYS
2025-08-29 11:01:46,sell,1.65,0,3,1406,2518,SPINNEYS
2025-08-29 11:01:46,sell,1.66,0,10,906,2528,SPINNEYS
2025-08-29 11:01:46,sell,1.66,0,10,406,2538,SPINNEYS
2025-08-29 11:01:46,sell,1.66,4440,8,-4440,2547,SPINNEYS
2025-08-29 11:01:46,sell,1.66,2054,0,-6494,2547,SPINNEYS
2025-08-29 11:01:46,sell,1.66,1513,0,-8007,2547,SPINNEYS
2025-08-29 11:14:45,sell,1.66,9700,0,-17707,2547,SPINNEYS
2025-08-29 11:15:12,buy,1.65,0,50,-12707,2597,SPINNEYS
2025-08-29 11:15:12,buy,1.65,0,47,-8007,2644,SPINNEYS
2025-08-29 14:14:07,buy,1.62,0,83,-5944,2726,SPINNEYS
2025-08-29 14:14:11,buy,1.63,166,178,166,2904,SPINNEYS
2025-08-29 14:17:16,buy,1.62,1527,0,1693,2904,SPINNEYS
2025-08-29 14:28:25,sell,1.63,0,10,630,2914,SPINNEYS
2025-08-29 14:28:25,sell,1.63,2097,6,-2097,2920,SPINNEYS
2025-08-29 14:30:15,sell,1.63,5910,0,-8007,2920,SPINNEYS
2025-08-29 14:43:16,buy,1.63,1693,0,1693,2920,SPINNEYS
2025-08-29 14:55:00,sell,1.64,0,17,0,2937,SPINNEYS
2025-09-01 12:13:00,sell,1.61,9700,0,-9700,2937,SPINNEYS
2025-09-01 14:33:44,buy,1.61,0,0,-1889,2937,SPINNEYS
2025-09-01 14:37:12,buy,1.61,0,0,0,2937,SPINNEYS
2025-09-02 10:05:06,sell,1.6,9700,0,-9700,2937,SPINNEYS
2025-09-02 12:52:17,buy,1.59,0,9,-8837,2945,SPINNEYS
2025-09-02 12:52:20,buy,1.59,0,63,-2584,3008,SPINNEYS
2025-09-02 13:00:52,buy,1.58,0,52,0,3059,SPINNEYS
2025-09-02 13:18:12,buy,1.58,5921,0,5921,3059,SPINNEYS
2025-09-02 13:18:12,buy,1.58,3779,0,9700,3059,SPINNEYS
2025-09-02 14:31:07,sell,1.58,0,0,0,3059,SPINNEYS
2025-09-03 10:52:06,sell,1.58,2017,0,-2017,3059,SPINNEYS
2025-09-03 10:52:06,sell,1.58,2017,0,-4034,3059,SPINNEYS
2025-09-03 10:52:06,sell,1.58,2027,0,-6061,3059,SPINNEYS
2025-09-03 10:52:06,sell,1.58,124,0,-6185,3059,SPINNEYS
2025-09-03 10:59:18,sell,1.58,1893,0,-8078,3059,SPINNEYS
2025-09-03 10:59:18,sell,1.58,1622,0,-9700,3059,SPINNEYS
2025-09-03 12:29:59,buy,1.58,0,0,-5119,3059,SPINNEYS
2025-09-03 12:29:59,buy,1.58,0,0,0,3059,SPINNEYS
2025-09-03 14:38:29,sell,1.59,272,0,-272,3059,SPINNEYS
2025-09-03 14:39:45,sell,1.6,6564,0,-6836,3059,SPINNEYS
2025-09-03 14:42:25,sell,1.6,2864,0,-9700,3059,SPINNEYS
2025-09-03 14:55:01,buy,1.6,0,-3,0,3057,SPINNEYS
2025-09-04 10:57:38,buy,1.61,2914,0,2914,3057,SPINNEYS
2025-09-04 10:57:38,buy,1.61,6265,0,9179,3057,SPINNEYS
2025-09-04 10:57:38,buy,1.61,521,0,9700,3057,SPINNEYS
2025-09-04 11:11:24,buy,1.61,996,0,10696,3057,SPINNEYS
2025-09-04 11:11:34,buy,1.61,7153,0,17849,3057,SPINNEYS
2025-09-04 11:11:34,buy,1.61,1551,0,19400,3057,SPINNEYS
2025-09-04 14:55:01,sell,1.62,0,194,0,3251,SPINNEYS
2025-09-08 11:04:10,buy,1.6,6660,0,6660,3251,SPINNEYS
2025-09-08 11:10:19,buy,1.61,3040,0,9700,3251,SPINNEYS
2025-09-08 11:12:59,sell,1.62,0,8,9248,3258,SPINNEYS
2025-09-08 11:12:59,sell,1.62,0,35,7185,3293,SPINNEYS
2025-09-08 11:12:59,sell,1.62,0,51,4185,3344,SPINNEYS
2025-09-08 11:12:59,sell,1.62,0,41,1759,3385,SPINNEYS
2025-09-08 11:12:59,sell,1.62,0,30,0,3414,SPINNEYS
2025-09-08 11:53:16,buy,1.62,9700,0,9700,3414,SPINNEYS
2025-09-08 11:59:41,sell,1.62,0,0,9543,3414,SPINNEYS
2025-09-08 11:59:41,sell,1.62,0,0,0,3414,SPINNEYS
2025-09-08 13:13:59,buy,1.61,2426,0,2426,3414,SPINNEYS
2025-09-08 13:36:16,buy,1.6,9700,0,12126,3414,SPINNEYS
2025-09-08 13:52:46,sell,1.59,0,-37,9006,3377,SPINNEYS
2025-09-08 13:57:12,sell,1.6,0,-10,4006,3367,SPINNEYS
2025-09-08 13:57:12,sell,1.6,0,-2,2871,3365,SPINNEYS
2025-09-08 13:57:30,sell,1.6,0,-1,2426,3364,SPINNEYS
2025-09-08 14:26:36,buy,1.59,9700,0,12126,3364,SPINNEYS
2025-09-08 14:36:35,sell,1.6,0,53,5127,3417,SPINNEYS
2025-09-08 14:39:13,sell,1.6,0,21,2426,3437,SPINNEYS
2025-09-08 14:55:00,sell,1.62,0,67,0,3504,SPINNEYS
2025-09-09 11:15:43,sell,1.61,9700,0,-9700,3504,SPINNEYS
2025-09-09 11:35:24,sell,1.6,1707,0,-11407,3504,SPINNEYS
2025-09-09 11:36:35,sell,1.6,6334,0,-17741,3504,SPINNEYS
2025-09-09 11:36:50,sell,1.6,1659,0,-19400,3504,SPINNEYS
2025-09-09 12:23:58,buy,1.59,0,146,-9700,3650,SPINNEYS
2025-09-09 13:10:45,buy,1.59,0,146,0,3795,SPINNEYS
2025-09-09 13:20:10,sell,1.6,5550,0,-5550,3795,SPINNEYS
2025-09-09 13:21:16,sell,1.6,4150,0,-9700,3795,SPINNEYS
2025-09-09 14:55:00,buy,1.6,0,0,0,3795,SPINNEYS
2025-09-10 10:37:44,sell,1.61,9700,0,-9700,3795,SPINNEYS
2025-09-10 10:46:48,buy,1.61,0,0,-8554,3795,SPINNEYS
2025-09-10 10:52:54,buy,1.6,0,86,0,3881,SPINNEYS
2025-09-10 13:06:04,buy,1.57,9700,0,9700,3881,SPINNEYS
2025-09-10 14:14:31,buy,1.57,7349,0,17049,3881,SPINNEYS
2025-09-10 14:14:31,buy,1.57,317,0,17366,3881,SPINNEYS
2025-09-10 14:14:31,buy,1.57,2034,0,19400,3881,SPINNEYS
2025-09-10 14:32:30,sell,1.57,0,0,14011,3881,SPINNEYS
2025-09-10 14:34:44,sell,1.57,0,0,10320,3881,SPINNEYS
2025-09-10 14:34:44,sell,1.57,0,0,9700,3881,SPINNEYS
2025-09-10 14:34:50,buy,1.56,1741,0,11441,3881,SPINNEYS
2025-09-10 14:34:52,buy,1.56,1474,0,12915,3881,SPINNEYS
2025-09-10 14:34:52,buy,1.56,2174,0,15089,3881,SPINNEYS
2025-09-10 14:55:00,sell,1.55,0,-248,0,3633,SPINNEYS
2025-09-11 10:49:41,buy,1.56,2996,0,2996,3633,SPINNEYS
2025-09-11 10:49:41,buy,1.56,6311,0,9307,3633,SPINNEYS
2025-09-11 10:50:34,buy,1.55,393,0,9700,3633,SPINNEYS
2025-09-11 14:55:00,sell,1.57,0,101,0,3734,SPINNEYS
2025-09-12 10:26:56,sell,1.58,2646,0,-2646,3734,SPINNEYS
2025-09-12 12:47:17,buy,1.57,7054,26,7054,3760,SPINNEYS
2025-09-12 14:55:00,sell,1.57,0,0,0,3760,SPINNEYS
2025-09-15 14:06:07,buy,1.59,655,0,655,3760,SPINNEYS
2025-09-15 14:06:07,buy,1.59,8445,0,9100,3760,SPINNEYS
2025-09-15 14:06:07,buy,1.59,600,0,9700,3760,SPINNEYS
2025-09-15 14:55:00,sell,1.59,0,0,0,3760,SPINNEYS
2025-09-16 13:56:12,sell,1.59,9700,0,-9700,3760,SPINNEYS
2025-09-16 14:44:51,buy,1.59,0,0,-6395,3760,SPINNEYS
2025-09-16 14:44:51,buy,1.58,0,16,-4825,3776,SPINNEYS
2025-09-16 14:55:00,buy,1.6,0,-48,0,3728,SPINNEYS
2025-09-17 10:58:28,buy,1.59,5178,0,5178,3728,SPINNEYS
2025-09-17 10:58:28,buy,1.59,4522,0,9700,3728,SPINNEYS
2025-09-17 12:25:50,buy,1.57,2153,0,11853,3728,SPINNEYS
2025-09-17 14:42:37,sell,1.57,0,-52,8669,3676,SPINNEYS
2025-09-17 14:44:30,sell,1.57,0,-51,5525,3624,SPINNEYS
2025-09-17 14:44:30,sell,1.57,0,-13,4707,3611,SPINNEYS
2025-09-17 14:44:46,sell,1.57,0,-42,2153,3569,SPINNEYS
2025-09-17 14:55:00,sell,1.59,0,8,0,3577,SPINNEYS
2025-09-18 14:24:47,sell,1.58,261,0,-261,3577,SPINNEYS
2025-09-18 14:34:08,sell,1.57,250,0,-511,3577,SPINNEYS
2025-09-18 14:34:08,sell,1.57,1849,0,-2360,3577,SPINNEYS
2025-09-18 14:35:47,sell,1.58,3397,0,-5757,3577,SPINNEYS
2025-09-18 14:43:24,sell,1.58,3943,0,-9700,3577,SPINNEYS
2025-09-18 14:55:01,buy,1.59,0,-118,0,3459,SPINNEYS
2025-09-19 14:38:39,sell,1.59,1205,0,-1205,3459,SPINNEYS
2025-09-19 14:41:12,sell,1.59,295,0,-1500,3459,SPINNEYS
2025-09-19 14:41:12,sell,1.59,5124,0,-6624,3459,SPINNEYS
2025-09-19 14:41:12,sell,1.59,2212,0,-8836,3459,SPINNEYS
2025-09-19 14:44:42,sell,1.59,864,0,-9700,3459,SPINNEYS
2025-09-19 14:55:01,buy,1.58,0,97,0,3556,SPINNEYS
2025-09-22 10:12:12,sell,1.58,9700,0,-9700,3556,SPINNEYS
2025-09-22 12:52:49,sell,1.57,4270,0,-13970,3556,SPINNEYS
2025-09-22 12:52:49,sell,1.57,5013,0,-18983,3556,SPINNEYS
2025-09-22 12:52:49,sell,1.57,41,0,-19024,3556,SPINNEYS
2025-09-22 12:52:49,sell,1.57,376,0,-19400,3556,SPINNEYS
2025-09-22 13:22:19,buy,1.56,0,66,-14987,3622,SPINNEYS
2025-09-22 14:55:00,buy,1.57,0,75,0,3697,SPINNEYS
2025-09-23 12:34:57,buy,1.55,4878,0,4878,3697,SPINNEYS
2025-09-23 12:39:07,buy,1.56,2802,0,7680,3697,SPINNEYS
2025-09-23 12:39:07,buy,1.56,2020,0,9700,3697,SPINNEYS
2025-09-23 12:51:53,buy,1.55,1934,0,11634,3697,SPINNEYS
2025-09-23 12:51:53,buy,1.55,2644,0,14278,3697,SPINNEYS
2025-09-23 12:52:00,buy,1.54,5122,0,19400,3697,SPINNEYS
2025-09-23 13:19:49,sell,1.55,0,1,14819,3698,SPINNEYS
2025-09-23 13:20:02,sell,1.55,0,1,11458,3698,SPINNEYS
2025-09-23 13:25:28,sell,1.55,0,0,9700,3699,SPINNEYS
2025-09-23 14:55:00,sell,1.54,0,-96,0,3603,SPINNEYS
2025-09-24 12:07:15,buy,1.54,2583,0,2583,3603,SPINNEYS
2025-09-24 12:11:08,buy,1.54,7117,0,9700,3603,SPINNEYS
2025-09-24 13:37:31,sell,1.56,0,68,6281,3671,SPINNEYS
2025-09-24 13:38:45,sell,1.55,0,63,0,3734,SPINNEYS
2025-09-24 14:08:47,buy,1.54,4565,0,4565,3734,SPINNEYS
2025-09-24 14:08:56,buy,1.54,4725,0,9290,3734,SPINNEYS
2025-09-24 14:11:04,buy,1.55,410,0,9700,3734,SPINNEYS
2025-09-24 14:55:00,sell,1.53,0,-101,0,3633,SPINNEYS
2025-09-25 10:10:58,buy,1.55,4341,0,4341,3633,SPINNEYS
2025-09-25 10:11:02,buy,1.55,5000,0,9341,3633,SPINNEYS
2025-09-25 13:12:23,buy,1.53,9700,0,19041,3633,SPINNEYS
2025-09-25 13:34:27,buy,1.52,359,0,19400,3633,SPINNEYS
2025-09-25 14:39:45,sell,1.49,0,-400,11307,3233,SPINNEYS
2025-09-25 14:39:45,sell,1.49,0,-79,9700,3154,SPINNEYS
2025-09-25 14:55:01,sell,1.48,0,-577,0,2577,SPINNEYS
2025-09-26 11:56:32,sell,1.52,9700,0,-9700,2577,SPINNEYS
2025-09-26 13:27:04,buy,1.5,0,35,-7957,2612,SPINNEYS
2025-09-26 13:27:04,buy,1.5,0,40,-5978,2651,SPINNEYS
2025-09-26 13:27:04,buy,1.5,0,30,-4454,2682,SPINNEYS
2025-09-26 13:27:04,buy,1.5,0,89,0,2771,SPINNEYS
2025-09-26 13:56:34,sell,1.5,3375,0,-3375,2771,SPINNEYS
2025-09-26 13:56:34,sell,1.5,6325,0,-9700,2771,SPINNEYS
2025-09-26 14:55:00,buy,1.58,0,-776,0,1995,SPINNEYS
2025-09-29 10:06:28,buy,1.53,9700,0,9700,1995,SPINNEYS
2025-09-29 10:20:54,buy,1.5,12,0,9712,1995,SPINNEYS
2025-09-29 10:23:46,buy,1.5,5000,0,14712,1995,SPINNEYS
2025-09-29 10:25:49,buy,1.5,4688,0,19400,1995,SPINNEYS
2025-09-29 10:25:49,sell,1.51,0,-48,9700,1946,SPINNEYS
2025-09-29 10:56:43,sell,1.52,0,49,0,1995,SPINNEYS
2025-09-29 11:23:08,buy,1.52,9700,0,9700,1995,SPINNEYS
2025-09-29 12:25:23,buy,1.52,9700,0,19400,1995,SPINNEYS
2025-09-29 13:38:45,sell,1.53,0,97,9700,2092,SPINNEYS
2025-09-29 14:18:36,sell,1.53,0,97,0,2189,SPINNEYS
2025-09-29 14:44:31,buy,1.51,9700,0,9700,2189,SPINNEYS
2025-09-29 14:55:01,sell,1.53,0,194,0,2383,SPINNEYS
2025-09-30 10:30:15,buy,1.53,1362,0,1362,2383,SPINNEYS
2025-09-30 10:31:05,buy,1.53,5000,0,6362,2383,SPINNEYS
2025-09-30 10:31:05,buy,1.53,3338,0,9700,2383,SPINNEYS
2025-09-30 11:56:00,buy,1.53,1062,0,10762,2383,SPINNEYS
2025-09-30 13:12:07,sell,1.54,0,25,8268,2408,SPINNEYS
2025-09-30 13:12:07,sell,1.54,0,25,5783,2433,SPINNEYS
2025-09-30 13:12:07,sell,1.54,0,25,3308,2457,SPINNEYS
2025-09-30 13:12:09,sell,1.55,0,45,1062,2502,SPINNEYS
2025-09-30 13:42:52,buy,1.54,8887,0,9949,2502,SPINNEYS
2025-09-30 13:51:39,buy,1.54,813,0,10762,2502,SPINNEYS
2025-09-30 14:02:13,sell,1.54,0,10,1062,2512,SPINNEYS
2025-09-30 14:03:59,buy,1.54,8638,0,9700,2512,SPINNEYS
2025-09-30 14:43:33,buy,1.54,9700,0,19400,2512,SPINNEYS
2025-09-30 14:55:00,sell,1.54,0,1,0,2513,SPINNEYS
2025-10-01 10:32:46,buy,1.55,3375,0,3375,2513,SPINNEYS
2025-10-01 10:34:16,buy,1.56,1800,0,5175,2513,SPINNEYS
2025-10-01 10:37:54,buy,1.56,191,0,5366,2513,SPINNEYS
2025-10-01 10:47:04,buy,1.56,1586,0,6952,2513,SPINNEYS
2025-10-01 10:47:05,buy,1.56,406,0,7358,2513,SPINNEYS
2025-10-01 10:47:05,buy,1.56,448,0,7806,2513,SPINNEYS
2025-10-01 10:59:47,sell,1.57,0,3,7606,2516,SPINNEYS
2025-10-01 11:00:50,sell,1.56,0,1,7406,2517,SPINNEYS
2025-10-01 11:03:41,sell,1.57,1894,106,-1894,2623,SPINNEYS
2025-10-01 11:13:42,sell,1.59,6924,0,-8818,2623,SPINNEYS
2025-10-01 11:13:42,sell,1.59,2776,0,-11594,2623,SPINNEYS
2025-10-01 11:20:32,buy,1.6,0,-129,-1894,2494,SPINNEYS
2025-10-01 11:54:32,buy,1.58,7806,13,7806,2507,SPINNEYS
2025-10-01 12:51:45,sell,1.58,0,0,6083,2507,SPINNEYS
2025-10-01 12:53:06,sell,1.58,0,0,4883,2507,SPINNEYS
2025-10-01 12:56:27,sell,1.58,66,0,-66,2507,SPINNEYS
2025-10-01 12:56:31,sell,1.58,1828,0,-1894,2507,SPINNEYS
2025-10-01 14:22:05,sell,1.58,9700,0,-11594,2507,SPINNEYS
2025-10-01 14:41:25,sell,1.59,4282,0,-15876,2507,SPINNEYS
2025-10-01 14:43:44,sell,1.59,402,0,-16278,2507,SPINNEYS
2025-10-01 14:44:20,sell,1.59,668,0,-16946,2507,SPINNEYS
2025-10-01 14:44:24,sell,1.59,758,0,-17704,2507,SPINNEYS
2025-10-01 14:44:24,sell,1.59,1696,0,-19400,2507,SPINNEYS
2025-10-01 14:55:00,buy,1.6,0,-310,0,2197,SPINNEYS
2025-10-02 10:20:42,buy,1.58,4670,0,4670,2197,SPINNEYS
2025-10-02 10:20:42,buy,1.58,5030,0,9700,2197,SPINNEYS
2025-10-02 11:15:33,sell,1.58,0,0,5458,2197,SPINNEYS
2025-10-02 11:16:03,sell,1.58,0,0,1663,2197,SPINNEYS
2025-10-02 11:16:03,sell,1.58,0,0,1214,2197,SPINNEYS
2025-10-02 11:16:54,sell,1.58,0,0,0,2197,SPINNEYS
2025-10-02 11:59:21,sell,1.59,5276,0,-5276,2197,SPINNEYS
2025-10-02 11:59:21,sell,1.59,4424,0,-9700,2197,SPINNEYS
2025-10-02 12:11:21,sell,1.59,9700,0,-19400,2197,SPINNEYS
2025-10-02 12:23:28,buy,1.58,0,97,-9700,2294,SPINNEYS
2025-10-02 12:25:18,sell,1.59,615,0,-10315,2294,SPINNEYS
2025-10-02 12:30:40,sell,1.58,9085,0,-19400,2294,SPINNEYS
2025-10-02 14:55:00,buy,1.57,0,297,0,2591,SPINNEYS
2025-10-03 10:06:25,sell,1.57,2453,0,-2453,2591,SPINNEYS
2025-10-03 11:41:09,sell,1.58,1620,0,-4073,2591,SPINNEYS
2025-10-03 11:41:09,sell,1.58,8080,0,-12153,2591,SPINNEYS
2025-10-03 11:51:44,buy,1.56,0,1,-12075,2592,SPINNEYS
2025-10-03 11:51:44,buy,1.56,0,3,-11902,2596,SPINNEYS
2025-10-03 11:52:07,buy,1.57,0,1,-11779,2597,SPINNEYS
2025-10-03 11:52:07,buy,1.57,0,15,-9956,2611,SPINNEYS
2025-10-03 11:56:42,buy,1.56,0,36,-7939,2647,SPINNEYS
2025-10-03 11:57:46,buy,1.56,0,60,-4587,2708,SPINNEYS
2025-10-03 11:57:46,buy,1.56,0,8,-4168,2715,SPINNEYS
2025-10-03 13:00:05,buy,1.55,5532,117,5532,2832,SPINNEYS
2025-10-03 13:23:04,buy,1.54,3378,0,8910,2832,SPINNEYS
2025-10-03 13:31:57,buy,1.55,246,0,9156,2832,SPINNEYS
2025-10-03 13:31:57,buy,1.55,3646,0,12802,2832,SPINNEYS
2025-10-03 13:36:15,buy,1.55,2430,0,15232,2832,SPINNEYS
2025-10-03 14:55:00,sell,1.56,0,186,0,3018,SPINNEYS
2025-10-06 10:08:08,buy,1.56,2139,0,2139,3018,SPINNEYS
2025-10-06 10:09:24,buy,1.56,4459,0,6598,3018,SPINNEYS
2025-10-06 10:14:58,buy,1.55,2017,0,8615,3018,SPINNEYS
2025-10-06 10:18:43,buy,1.55,1085,0,9700,3018,SPINNEYS
2025-10-06 10:43:40,sell,1.57,0,11,8890,3029,SPINNEYS
2025-10-06 10:43:40,sell,1.57,0,117,0,3146,SPINNEYS
2025-10-06 13:34:12,buy,1.55,811,0,811,3146,SPINNEYS
2025-10-06 13:36:34,buy,1.55,8738,0,9549,3146,SPINNEYS
2025-10-06 13:36:34,buy,1.55,151,0,9700,3146,SPINNEYS
2025-10-06 13:58:06,buy,1.53,9700,0,19400,3146,SPINNEYS
2025-10-06 14:55:00,sell,1.53,0,-194,0,2952,SPINNEYS
2025-10-07 10:23:40,buy,1.54,9700,0,9700,2952,SPINNEYS
2025-10-07 10:32:29,sell,1.54,0,0,5030,2952,SPINNEYS
2025-10-07 10:32:46,sell,1.54,0,0,3376,2952,SPINNEYS
2025-10-07 10:32:46,sell,1.54,0,0,0,2952,SPINNEYS
2025-10-07 11:16:41,buy,1.54,9700,0,9700,2952,SPINNEYS
2025-10-07 14:55:00,sell,1.53,0,-97,0,2855,SPINNEYS
2025-10-08 10:35:07,sell,1.54,2027,0,-2027,2855,SPINNEYS
2025-10-08 10:36:21,sell,1.55,2968,0,-4995,2855,SPINNEYS
2025-10-08 10:36:21,sell,1.55,4705,0,-9700,2855,SPINNEYS
2025-10-08 10:43:33,buy,1.54,0,17,-7586,2872,SPINNEYS
2025-10-08 10:43:39,buy,1.54,0,24,-4502,2896,SPINNEYS
2025-10-08 10:43:39,buy,1.54,0,15,-2555,2911,SPINNEYS
2025-10-08 14:55:01,buy,1.54,0,20,0,2932,SPINNEYS
2025-10-09 13:06:42,sell,1.55,4334,0,-4334,2932,SPINNEYS
2025-10-09 13:19:35,buy,1.55,0,0,-4018,2932,SPINNEYS
2025-10-09 13:24:20,buy,1.54,3255,40,3255,2972,SPINNEYS
2025-10-09 13:24:20,buy,1.54,2111,0,5366,2972,SPINNEYS
2025-10-09 14:55:00,sell,1.56,0,107,0,3079,SPINNEYS
2025-10-13 14:19:12,buy,1.55,634,0,634,3079,SPINNEYS
2025-10-13 14:19:29,buy,1.55,2000,0,2634,3079,SPINNEYS
2025-10-13 14:24:49,buy,1.55,7066,0,9700,3079,SPINNEYS
2025-10-13 14:55:00,sell,1.56,0,97,0,3176,SPINNEYS
2025-10-14 13:53:36,buy,1.53,9700,0,9700,3176,SPINNEYS
2025-10-14 14:44:05,buy,1.53,3300,0,13000,3176,SPINNEYS
2025-10-14 14:44:06,buy,1.52,1000,0,14000,3176,SPINNEYS
2025-10-14 14:44:06,buy,1.52,5400,0,19400,3176,SPINNEYS
2025-10-14 14:55:00,sell,1.54,0,258,0,3434,SPINNEYS
2025-10-15 10:08:52,sell,1.54,100,0,-100,3434,SPINNEYS
2025-10-15 10:08:52,sell,1.54,2017,0,-2117,3434,SPINNEYS
2025-10-15 10:15:50,sell,1.55,100,0,-2217,3434,SPINNEYS
2025-10-15 14:24:47,buy,1.55,7483,-21,7483,3413,SPINNEYS
2025-10-15 14:55:00,sell,1.56,0,75,0,3488,SPINNEYS
2025-10-16 12:17:15,buy,1.55,9700,0,9700,3488,SPINNEYS
2025-10-16 14:37:44,buy,1.54,9700,0,19400,3488,SPINNEYS
2025-10-16 14:55:00,sell,1.55,0,97,0,3585,SPINNEYS
2025-10-17 11:40:36,buy,1.54,9700,0,9700,3585,SPINNEYS
2025-10-17 13:40:00,sell,1.54,0,0,9448,3585,SPINNEYS
2025-10-17 13:40:01,sell,1.54,0,0,9134,3585,SPINNEYS
2025-10-17 14:55:00,sell,1.55,0,91,0,3676,SPINNEYS
2025-10-21 13:29:42,sell,1.55,8463,0,-8463,3676,SPINNEYS
2025-10-21 13:29:42,sell,1.55,1068,0,-9531,3676,SPINNEYS
2025-10-21 13:29:42,sell,1.55,169,0,-9700,3676,SPINNEYS
2025-10-21 13:55:51,sell,1.55,9700,0,-19400,3676,SPINNEYS
2025-10-21 13:56:11,buy,1.54,0,46,-14830,3722,SPINNEYS
2025-10-21 13:56:11,buy,1.54,0,1,-14692,3723,SPINNEYS
2025-10-21 14:33:23,sell,1.55,1815,0,-16507,3723,SPINNEYS
2025-10-21 14:38:38,sell,1.55,2893,0,-19400,3723,SPINNEYS
2025-10-21 14:55:00,buy,1.55,0,0,0,3723,SPINNEYS
2025-10-22 13:15:17,buy,1.53,9700,0,9700,3723,SPINNEYS
2025-10-22 14:55:00,sell,1.53,0,0,0,3723,SPINNEYS
2025-10-23 10:07:33,buy,1.53,7017,0,7017,3723,SPINNEYS
2025-10-23 10:07:33,buy,1.53,2683,0,9700,3723,SPINNEYS
2025-10-23 12:05:16,buy,1.52,9700,0,19400,3723,SPINNEYS
2025-10-23 14:10:00,sell,1.54,0,146,9700,3869,SPINNEYS
2025-10-23 14:10:04,buy,1.52,9700,0,19400,3869,SPINNEYS
2025-10-23 14:30:12,sell,1.54,0,165,10000,4033,SPINNEYS
2025-10-23 14:30:12,sell,1.54,0,5,9700,4038,SPINNEYS
2025-10-23 14:55:00,sell,1.55,0,267,0,4305,SPINNEYS
2025-10-24 13:43:31,buy,1.54,9700,0,9700,4305,SPINNEYS
2025-10-24 13:43:58,sell,1.55,0,97,0,4402,SPINNEYS
