timestamp,side,price,quantity,realized_pnl,trade_type,vwap_reference,security
2025-04-14 14:55:00,sell,20.15,25587,0.0,auction_entry,20.038532190585258,EMIRATES
2025-04-15 10:00:00,buy,19.95,1000,199.9999999999993,vwap_exit,20.04,EMIRATES
2025-04-15 10:00:00,buy,19.95,1100,219.9999999999992,vwap_exit,20.04,EMIRATES
2025-04-15 10:00:00,buy,19.95,436,87.19999999999969,vwap_exit,20.04,EMIRATES
2025-04-15 10:00:00,buy,19.95,15,2.9999999999999893,vwap_exit,20.04,EMIRATES
2025-04-15 10:00:00,buy,19.95,782,156.39999999999944,vwap_exit,20.04,EMIRATES
2025-04-15 10:00:00,buy,19.95,1218,243.59999999999914,vwap_exit,20.04,EMIRATES
2025-04-15 10:00:00,buy,19.95,1330,265.99999999999903,vwap_exit,20.04,EMIRATES
2025-04-15 10:00:00,buy,19.95,18,3.599999999999987,vwap_exit,20.04,EMIRATES
2025-04-15 10:00:00,buy,19.95,54,10.799999999999962,vwap_exit,20.04,EMIRATES
2025-04-15 10:00:00,buy,19.95,29,5.799999999999979,vwap_exit,20.04,EMIRATES
2025-04-15 10:00:00,buy,19.95,251,50.19999999999982,vwap_exit,20.04,EMIRATES
2025-04-15 10:00:00,buy,19.95,33,6.5999999999999766,vwap_exit,20.04,EMIRATES
2025-04-15 10:00:00,buy,19.95,1800,359.99999999999875,vwap_exit,20.04,EMIRATES
2025-04-15 10:00:00,buy,19.95,122,24.399999999999913,vwap_exit,20.04,EMIRATES
2025-04-15 10:00:00,buy,19.95,340,67.99999999999976,vwap_exit,20.04,EMIRATES
2025-04-15 10:00:00,buy,19.95,210,41.99999999999985,vwap_exit,20.04,EMIRATES
2025-04-15 10:00:00,buy,19.95,250,49.99999999999982,vwap_exit,20.04,EMIRATES
2025-04-15 10:00:00,buy,19.95,232,46.399999999999835,vwap_exit,20.04,EMIRATES
2025-04-15 10:00:01,buy,19.95,2040,407.9999999999985,vwap_exit,20.04,EMIRATES
2025-04-15 10:00:10,buy,20.0,50,7.499999999999929,vwap_exit,20.04,EMIRATES
2025-04-15 10:02:11,buy,20.0,1675,251.2499999999976,vwap_exit,20.04,EMIRATES
2025-04-15 10:02:11,buy,20.0,950,142.49999999999864,vwap_exit,20.04,EMIRATES
2025-04-15 10:02:29,buy,20.0,5000,749.999999999993,vwap_exit,20.04,EMIRATES
2025-04-15 10:02:31,buy,19.95,6652,1330.3999999999953,vwap_exit,20.04,EMIRATES
2025-04-15 14:55:00,sell,19.85,33464,0.0,auction_entry,19.697440712374277,EMIRATES
2025-04-16 10:08:36,buy,19.65,627,125.40000000000178,vwap_exit,19.7,EMIRATES
2025-04-16 10:13:51,buy,19.7,471,70.650000000001,vwap_exit,19.7,EMIRATES
2025-04-16 10:13:51,buy,19.7,1070,160.50000000000227,vwap_exit,19.7,EMIRATES
2025-04-16 10:13:51,buy,19.7,550,82.50000000000117,vwap_exit,19.7,EMIRATES
2025-04-16 10:13:51,buy,19.7,2443,366.4500000000052,vwap_exit,19.7,EMIRATES
2025-04-16 10:13:51,buy,19.7,463,69.45000000000098,vwap_exit,19.7,EMIRATES
2025-04-16 10:13:51,buy,19.7,1665,249.75000000000355,vwap_exit,19.7,EMIRATES
2025-04-16 10:13:51,buy,19.7,1023,153.45000000000218,vwap_exit,19.7,EMIRATES
2025-04-16 10:13:51,buy,19.7,1006,150.90000000000214,vwap_exit,19.7,EMIRATES
2025-04-16 10:13:51,buy,19.7,911,136.65000000000194,vwap_exit,19.7,EMIRATES
2025-04-16 10:13:51,buy,19.7,3376,506.4000000000072,vwap_exit,19.7,EMIRATES
2025-04-16 10:13:51,buy,19.7,6300,945.0000000000134,vwap_exit,19.7,EMIRATES
2025-04-16 10:13:51,buy,19.7,627,94.05000000000133,vwap_exit,19.7,EMIRATES
2025-04-16 10:13:51,buy,19.7,606,90.90000000000128,vwap_exit,19.7,EMIRATES
2025-04-16 10:13:52,buy,19.7,1232,184.80000000000263,vwap_exit,19.7,EMIRATES
2025-04-16 10:13:52,buy,19.7,1152,172.80000000000246,vwap_exit,19.7,EMIRATES
2025-04-16 10:13:52,buy,19.7,441,66.15000000000094,vwap_exit,19.7,EMIRATES
2025-04-16 10:13:52,buy,19.7,527,79.05000000000112,vwap_exit,19.7,EMIRATES
2025-04-16 10:13:52,buy,19.7,538,80.70000000000115,vwap_exit,19.7,EMIRATES
2025-04-16 10:13:52,buy,19.7,599,89.85000000000127,vwap_exit,19.7,EMIRATES
2025-04-16 10:13:55,buy,19.7,89,13.35000000000019,vwap_exit,19.7,EMIRATES
2025-04-16 10:13:55,buy,19.7,514,77.1000000000011,vwap_exit,19.7,EMIRATES
2025-04-16 10:13:55,buy,19.7,518,77.7000000000011,vwap_exit,19.7,EMIRATES
2025-04-16 10:13:55,buy,19.7,545,81.75000000000117,vwap_exit,19.7,EMIRATES
2025-04-16 10:13:55,buy,19.7,6171,925.6500000000132,vwap_exit,19.7,EMIRATES
2025-04-17 14:55:01,buy,19.3,45061,0.0,auction_entry,19.391822338906277,EMIRATES
2025-04-18 10:00:00,sell,19.55,100,25.0,vwap_exit,19.400000000000002,EMIRATES
2025-04-18 10:00:00,sell,19.55,253,63.25,vwap_exit,19.400000000000002,EMIRATES
2025-04-18 10:00:00,sell,19.55,261,65.25,vwap_exit,19.400000000000002,EMIRATES
2025-04-18 10:00:00,sell,19.55,197,49.25,vwap_exit,19.400000000000002,EMIRATES
2025-04-18 10:00:00,sell,19.55,4,1.0,vwap_exit,19.400000000000002,EMIRATES
2025-04-18 10:00:00,sell,19.55,250,62.5,vwap_exit,19.400000000000002,EMIRATES
2025-04-18 10:00:00,sell,19.55,99,24.75,vwap_exit,19.400000000000002,EMIRATES
2025-04-18 10:04:46,sell,19.5,100,19.99999999999993,vwap_exit,19.400000000000002,EMIRATES
2025-04-18 10:11:07,sell,19.45,50,7.499999999999929,vwap_exit,19.400000000000002,EMIRATES
2025-04-18 10:58:20,sell,19.45,258,38.69999999999963,vwap_exit,19.400000000000002,EMIRATES
2025-04-18 11:09:50,sell,19.45,854,128.09999999999877,vwap_exit,19.400000000000002,EMIRATES
2025-04-18 11:12:37,sell,19.45,2627,394.04999999999626,vwap_exit,19.400000000000002,EMIRATES
2025-04-18 11:21:15,sell,19.45,853,127.9499999999988,vwap_exit,19.400000000000002,EMIRATES
2025-04-18 11:32:24,sell,19.45,3218,482.69999999999544,vwap_exit,19.400000000000002,EMIRATES
2025-04-18 11:38:17,sell,19.45,406,60.89999999999942,vwap_exit,19.400000000000002,EMIRATES
2025-04-18 11:38:17,sell,19.45,300,44.999999999999574,vwap_exit,19.400000000000002,EMIRATES
2025-04-18 11:38:17,sell,19.45,1380,206.99999999999804,vwap_exit,19.400000000000002,EMIRATES
2025-04-18 11:38:17,sell,19.45,1369,205.34999999999806,vwap_exit,19.400000000000002,EMIRATES
2025-04-18 11:38:17,sell,19.45,7190,1078.4999999999898,vwap_exit,19.400000000000002,EMIRATES
2025-04-18 11:38:17,sell,19.45,222,33.299999999999685,vwap_exit,19.400000000000002,EMIRATES
2025-04-18 11:38:17,sell,19.45,1422,213.29999999999797,vwap_exit,19.400000000000002,EMIRATES
2025-04-18 11:38:26,sell,19.45,100,14.999999999999858,vwap_exit,19.400000000000002,EMIRATES
2025-04-18 11:39:25,sell,19.45,397,59.549999999999436,vwap_exit,19.400000000000002,EMIRATES
2025-04-18 11:39:25,sell,19.45,3903,585.4499999999945,vwap_exit,19.400000000000002,EMIRATES
2025-04-18 11:44:25,sell,19.45,2819,422.849999999996,vwap_exit,19.400000000000002,EMIRATES
2025-04-18 13:14:51,sell,19.45,179,26.849999999999746,vwap_exit,19.400000000000002,EMIRATES
2025-04-18 13:14:56,sell,19.45,926,138.89999999999867,vwap_exit,19.400000000000002,EMIRATES
2025-04-18 13:15:01,sell,19.45,3273,490.9499999999953,vwap_exit,19.400000000000002,EMIRATES
2025-04-18 13:25:33,sell,19.45,97,14.549999999999862,vwap_exit,19.400000000000002,EMIRATES
2025-04-18 13:28:15,sell,19.45,2836,425.399999999996,vwap_exit,19.400000000000002,EMIRATES
2025-04-18 13:29:11,sell,19.45,254,38.09999999999964,vwap_exit,19.400000000000002,EMIRATES
2025-04-18 13:29:11,sell,19.45,346,51.89999999999951,vwap_exit,19.400000000000002,EMIRATES
2025-04-18 13:33:53,sell,19.45,910,136.4999999999987,vwap_exit,19.400000000000002,EMIRATES
2025-04-18 13:36:31,sell,19.45,182,27.29999999999974,vwap_exit,19.400000000000002,EMIRATES
2025-04-18 13:38:14,sell,19.45,2841,426.14999999999594,vwap_exit,19.400000000000002,EMIRATES
2025-04-18 13:46:01,sell,19.45,721,108.14999999999898,vwap_exit,19.400000000000002,EMIRATES
2025-04-18 13:46:01,sell,19.45,350,52.4999999999995,vwap_exit,19.400000000000002,EMIRATES
2025-04-18 13:46:01,sell,19.45,292,43.799999999999585,vwap_exit,19.400000000000002,EMIRATES
2025-04-18 13:46:01,sell,19.45,1482,222.2999999999979,vwap_exit,19.400000000000002,EMIRATES
2025-04-18 13:51:16,sell,19.45,911,136.6499999999987,vwap_exit,19.400000000000002,EMIRATES
2025-04-18 13:51:59,sell,19.45,160,23.999999999999773,vwap_exit,19.400000000000002,EMIRATES
2025-04-18 13:52:41,sell,19.45,669,100.34999999999906,vwap_exit,19.400000000000002,EMIRATES
2025-04-23 14:55:00,sell,20.4,49586,0.0,auction_entry,20.167060989622446,EMIRATES
2025-04-24 11:47:03,buy,20.85,49586,-22313.700000000143,stop_loss,20.4,EMIRATES
2025-04-25 14:55:01,buy,20.15,49004,0.0,auction_entry,20.406613891462403,EMIRATES
2025-04-28 11:00:23,sell,20.45,388,116.40000000000028,vwap_exit,20.400000000000002,EMIRATES
2025-04-28 11:00:23,sell,20.45,19,5.7000000000000135,vwap_exit,20.400000000000002,EMIRATES
2025-04-28 11:00:34,sell,20.45,5077,1523.1000000000035,vwap_exit,20.400000000000002,EMIRATES
2025-04-28 11:00:37,sell,20.45,2473,741.9000000000018,vwap_exit,20.400000000000002,EMIRATES
2025-04-28 11:00:37,sell,20.45,163,48.90000000000012,vwap_exit,20.400000000000002,EMIRATES
2025-04-28 11:00:37,sell,20.45,2017,605.1000000000014,vwap_exit,20.400000000000002,EMIRATES
2025-04-28 11:00:42,sell,20.45,347,104.10000000000025,vwap_exit,20.400000000000002,EMIRATES
2025-04-28 11:00:45,sell,20.45,244,73.20000000000017,vwap_exit,20.400000000000002,EMIRATES
2025-04-28 11:00:45,sell,20.45,21,6.300000000000015,vwap_exit,20.400000000000002,EMIRATES
2025-04-28 11:04:16,sell,20.45,591,177.3000000000004,vwap_exit,20.400000000000002,EMIRATES
2025-04-28 11:12:21,sell,20.45,120,36.000000000000085,vwap_exit,20.400000000000002,EMIRATES
2025-04-28 11:12:53,sell,20.45,200,60.00000000000014,vwap_exit,20.400000000000002,EMIRATES
2025-04-28 11:13:56,sell,20.45,250,75.00000000000017,vwap_exit,20.400000000000002,EMIRATES
2025-04-28 11:14:58,sell,20.45,591,177.3000000000004,vwap_exit,20.400000000000002,EMIRATES
2025-04-28 11:17:05,sell,20.45,2983,894.9000000000021,vwap_exit,20.400000000000002,EMIRATES
2025-04-28 11:17:05,sell,20.45,7560,2268.0000000000055,vwap_exit,20.400000000000002,EMIRATES
2025-04-28 11:17:05,sell,20.45,291,87.30000000000021,vwap_exit,20.400000000000002,EMIRATES
2025-04-28 11:17:05,sell,20.45,1189,356.70000000000084,vwap_exit,20.400000000000002,EMIRATES
2025-04-28 11:17:05,sell,20.45,194,58.20000000000014,vwap_exit,20.400000000000002,EMIRATES
2025-04-28 11:17:05,sell,20.45,1827,548.1000000000013,vwap_exit,20.400000000000002,EMIRATES
2025-04-28 11:17:05,sell,20.45,956,286.8000000000007,vwap_exit,20.400000000000002,EMIRATES
2025-04-28 11:17:11,sell,20.45,363,108.90000000000026,vwap_exit,20.400000000000002,EMIRATES
2025-04-28 11:17:15,sell,20.5,100,35.00000000000014,vwap_exit,20.400000000000002,EMIRATES
2025-04-28 11:18:06,sell,20.45,105,31.500000000000075,vwap_exit,20.400000000000002,EMIRATES
2025-04-28 11:18:32,sell,20.5,591,206.85000000000085,vwap_exit,20.400000000000002,EMIRATES
2025-04-28 11:20:10,sell,20.45,1032,309.6000000000007,vwap_exit,20.400000000000002,EMIRATES
2025-04-28 11:20:10,sell,20.45,1984,595.2000000000014,vwap_exit,20.400000000000002,EMIRATES
2025-04-28 11:20:10,sell,20.45,1,0.3000000000000007,vwap_exit,20.400000000000002,EMIRATES
2025-04-28 11:20:10,sell,20.45,2461,738.3000000000018,vwap_exit,20.400000000000002,EMIRATES
2025-04-28 11:20:10,sell,20.45,1893,567.9000000000013,vwap_exit,20.400000000000002,EMIRATES
2025-04-28 11:20:15,sell,20.45,189,56.70000000000013,vwap_exit,20.400000000000002,EMIRATES
2025-04-28 11:20:21,sell,20.45,1000,300.0000000000007,vwap_exit,20.400000000000002,EMIRATES
2025-04-28 11:20:25,sell,20.45,591,177.3000000000004,vwap_exit,20.400000000000002,EMIRATES
2025-04-28 11:20:25,sell,20.45,409,122.70000000000029,vwap_exit,20.400000000000002,EMIRATES
2025-04-28 11:20:29,sell,20.45,471,141.30000000000032,vwap_exit,20.400000000000002,EMIRATES
2025-04-28 11:21:01,sell,20.45,250,75.00000000000017,vwap_exit,20.400000000000002,EMIRATES
2025-04-28 11:25:40,sell,20.45,591,177.3000000000004,vwap_exit,20.400000000000002,EMIRATES
2025-04-28 11:29:14,sell,20.45,591,177.3000000000004,vwap_exit,20.400000000000002,EMIRATES
2025-04-28 11:32:29,sell,20.45,100,30.00000000000007,vwap_exit,20.400000000000002,EMIRATES
2025-04-28 11:32:48,sell,20.45,591,177.3000000000004,vwap_exit,20.400000000000002,EMIRATES
2025-04-28 14:55:00,sell,20.25,8190,819.0000000000116,eod_flatten,20.400000000000002,EMIRATES
2025-04-29 14:55:00,sell,20.4,39989,0.0,auction_entry,20.285471336409767,EMIRATES
2025-04-30 14:55:01,buy,20.55,39989,-5998.350000000085,eod_flatten,20.28,EMIRATES
2025-05-08 14:55:00,sell,21.5,46850,0.0,auction_entry,21.34484457618971,EMIRATES
2025-05-09 10:11:31,buy,21.3,152,30.399999999999892,vwap_exit,21.34,EMIRATES
2025-05-09 10:13:38,buy,21.3,735,146.9999999999995,vwap_exit,21.34,EMIRATES
2025-05-09 10:13:38,buy,21.3,113,22.59999999999992,vwap_exit,21.34,EMIRATES
2025-05-09 10:14:20,buy,21.3,282,56.3999999999998,vwap_exit,21.34,EMIRATES
2025-05-09 10:14:20,buy,21.3,234,46.799999999999834,vwap_exit,21.34,EMIRATES
2025-05-09 10:14:20,buy,21.3,136,27.199999999999903,vwap_exit,21.34,EMIRATES
2025-05-09 10:14:21,buy,21.3,348,69.59999999999975,vwap_exit,21.34,EMIRATES
2025-05-09 10:14:39,buy,21.3,1500,299.9999999999989,vwap_exit,21.34,EMIRATES
2025-05-09 10:16:02,buy,21.3,843,168.5999999999994,vwap_exit,21.34,EMIRATES
2025-05-09 10:16:02,buy,21.3,2191,438.19999999999845,vwap_exit,21.34,EMIRATES
2025-05-09 10:16:02,buy,21.3,466,93.19999999999968,vwap_exit,21.34,EMIRATES
2025-05-09 10:16:02,buy,21.3,317,63.39999999999978,vwap_exit,21.34,EMIRATES
2025-05-09 10:20:22,buy,21.3,354,70.79999999999976,vwap_exit,21.34,EMIRATES
2025-05-09 10:20:22,buy,21.3,1000,199.9999999999993,vwap_exit,21.34,EMIRATES
2025-05-09 10:20:22,buy,21.3,1000,199.9999999999993,vwap_exit,21.34,EMIRATES
2025-05-09 10:20:22,buy,21.3,194,38.79999999999986,vwap_exit,21.34,EMIRATES
2025-05-09 10:20:22,buy,21.3,3452,690.3999999999976,vwap_exit,21.34,EMIRATES
2025-05-09 10:20:30,buy,21.3,9646,1929.1999999999932,vwap_exit,21.34,EMIRATES
2025-05-09 10:20:43,buy,21.3,354,70.79999999999976,vwap_exit,21.34,EMIRATES
2025-05-09 10:22:33,buy,21.3,569,113.7999999999996,vwap_exit,21.34,EMIRATES
2025-05-09 10:22:33,buy,21.3,3643,728.5999999999974,vwap_exit,21.34,EMIRATES
2025-05-09 10:22:33,buy,21.3,646,129.19999999999953,vwap_exit,21.34,EMIRATES
2025-05-09 10:23:36,buy,21.3,333,66.59999999999977,vwap_exit,21.34,EMIRATES
2025-05-09 10:23:55,buy,21.3,395,78.99999999999972,vwap_exit,21.34,EMIRATES
2025-05-09 10:24:07,buy,21.3,1,0.1999999999999993,vwap_exit,21.34,EMIRATES
2025-05-09 10:25:26,buy,21.3,13,2.5999999999999908,vwap_exit,21.34,EMIRATES
2025-05-09 10:26:10,buy,21.3,3,0.5999999999999979,vwap_exit,21.34,EMIRATES
2025-05-09 10:26:33,buy,21.3,13,2.5999999999999908,vwap_exit,21.34,EMIRATES
2025-05-09 10:26:41,buy,21.3,2380,475.9999999999983,vwap_exit,21.34,EMIRATES
2025-05-09 10:26:41,buy,21.3,551,110.1999999999996,vwap_exit,21.34,EMIRATES
2025-05-09 10:27:33,buy,21.3,609,121.79999999999957,vwap_exit,21.34,EMIRATES
2025-05-09 10:27:33,buy,21.3,527,105.39999999999962,vwap_exit,21.34,EMIRATES
2025-05-09 10:27:53,buy,21.3,1000,199.9999999999993,vwap_exit,21.34,EMIRATES
2025-05-09 10:27:53,buy,21.3,534,106.79999999999961,vwap_exit,21.34,EMIRATES
2025-05-09 10:27:53,buy,21.3,50,9.999999999999964,vwap_exit,21.34,EMIRATES
2025-05-09 10:27:53,buy,21.3,7457,1491.3999999999946,vwap_exit,21.34,EMIRATES
2025-05-09 10:27:53,buy,21.3,4809,961.7999999999965,vwap_exit,21.34,EMIRATES
2025-05-13 14:55:00,sell,21.5,46807,0.0,auction_entry,21.36428787584031,EMIRATES
2025-05-14 10:16:06,buy,21.35,500,74.99999999999929,vwap_exit,21.36,EMIRATES
2025-05-14 10:16:06,buy,21.35,1144,171.59999999999837,vwap_exit,21.36,EMIRATES
2025-05-14 10:17:02,buy,21.35,93,13.949999999999868,vwap_exit,21.36,EMIRATES
2025-05-14 10:17:02,buy,21.35,934,140.09999999999866,vwap_exit,21.36,EMIRATES
2025-05-14 10:17:04,buy,21.35,290,43.49999999999959,vwap_exit,21.36,EMIRATES
2025-05-14 10:17:35,buy,21.35,200,29.999999999999716,vwap_exit,21.36,EMIRATES
2025-05-14 10:17:38,buy,21.35,200,29.999999999999716,vwap_exit,21.36,EMIRATES
2025-05-14 10:17:52,buy,21.35,100,14.999999999999858,vwap_exit,21.36,EMIRATES
2025-05-14 10:17:53,buy,21.3,100,19.99999999999993,vwap_exit,21.36,EMIRATES
2025-05-14 10:18:36,buy,21.35,235,35.249999999999666,vwap_exit,21.36,EMIRATES
2025-05-14 10:19:35,buy,21.35,170,25.49999999999976,vwap_exit,21.36,EMIRATES
2025-05-14 10:19:35,buy,21.35,920,137.9999999999987,vwap_exit,21.36,EMIRATES
2025-05-14 10:19:35,buy,21.35,3045,456.7499999999957,vwap_exit,21.36,EMIRATES
2025-05-14 10:19:35,buy,21.35,865,129.74999999999878,vwap_exit,21.36,EMIRATES
2025-05-14 10:19:42,buy,21.35,516,77.39999999999927,vwap_exit,21.36,EMIRATES
2025-05-14 10:19:42,buy,21.35,4108,616.1999999999941,vwap_exit,21.36,EMIRATES
2025-05-14 10:19:42,buy,21.35,7500,1124.9999999999893,vwap_exit,21.36,EMIRATES
2025-05-14 10:19:42,buy,21.35,1876,281.39999999999736,vwap_exit,21.36,EMIRATES
2025-05-14 10:19:47,buy,21.35,461,69.14999999999935,vwap_exit,21.36,EMIRATES
2025-05-14 10:19:47,buy,21.35,539,80.84999999999923,vwap_exit,21.36,EMIRATES
2025-05-14 10:19:52,buy,21.35,111,16.649999999999842,vwap_exit,21.36,EMIRATES
2025-05-14 10:19:52,buy,21.35,658,98.69999999999906,vwap_exit,21.36,EMIRATES
2025-05-14 10:19:52,buy,21.35,231,34.64999999999967,vwap_exit,21.36,EMIRATES
2025-05-14 10:23:01,buy,21.35,434,65.09999999999938,vwap_exit,21.36,EMIRATES
2025-05-14 10:30:00,buy,21.35,1000,149.99999999999858,vwap_exit,21.36,EMIRATES
2025-05-14 10:34:51,buy,21.35,16566,2484.8999999999764,vwap_exit,21.36,EMIRATES
2025-05-14 10:34:51,buy,21.35,4011,601.6499999999943,vwap_exit,21.36,EMIRATES
2025-05-14 14:55:00,buy,21.25,37692,0.0,auction_entry,21.422793352558195,EMIRATES
2025-05-15 10:59:47,sell,21.45,527,105.39999999999962,vwap_exit,21.42,EMIRATES
2025-05-15 11:00:12,sell,21.45,6,1.1999999999999957,vwap_exit,21.42,EMIRATES
2025-05-15 11:00:21,sell,21.45,3793,758.5999999999973,vwap_exit,21.42,EMIRATES
2025-05-15 11:00:21,sell,21.45,16,3.1999999999999886,vwap_exit,21.42,EMIRATES
2025-05-15 11:11:18,sell,21.45,527,105.39999999999962,vwap_exit,21.42,EMIRATES
2025-05-15 11:14:23,sell,21.45,2297,459.3999999999984,vwap_exit,21.42,EMIRATES
2025-05-15 11:25:34,sell,21.45,2223,444.59999999999843,vwap_exit,21.42,EMIRATES
2025-05-15 11:31:15,sell,21.45,420,83.9999999999997,vwap_exit,21.42,EMIRATES
2025-05-15 11:31:43,sell,21.45,740,147.9999999999995,vwap_exit,21.42,EMIRATES
2025-05-15 11:31:43,sell,21.45,10,1.999999999999993,vwap_exit,21.42,EMIRATES
2025-05-15 11:31:43,sell,21.45,1473,294.59999999999894,vwap_exit,21.42,EMIRATES
2025-05-15 11:31:59,sell,21.45,64,12.799999999999955,vwap_exit,21.42,EMIRATES
2025-05-15 11:34:24,sell,21.45,1549,309.7999999999989,vwap_exit,21.42,EMIRATES
2025-05-15 11:35:03,sell,21.45,911,182.19999999999936,vwap_exit,21.42,EMIRATES
2025-05-15 11:35:03,sell,21.45,629,125.79999999999956,vwap_exit,21.42,EMIRATES
2025-05-15 11:35:03,sell,21.45,683,136.5999999999995,vwap_exit,21.42,EMIRATES
2025-05-15 11:35:13,sell,21.45,567,113.3999999999996,vwap_exit,21.42,EMIRATES
2025-05-15 11:35:13,sell,21.45,669,133.79999999999953,vwap_exit,21.42,EMIRATES
2025-05-15 11:35:13,sell,21.45,273,54.59999999999981,vwap_exit,21.42,EMIRATES
2025-05-15 11:36:01,sell,21.45,1637,327.39999999999884,vwap_exit,21.42,EMIRATES
2025-05-15 11:36:11,sell,21.45,696,139.1999999999995,vwap_exit,21.42,EMIRATES
2025-05-15 11:36:11,sell,21.45,669,133.79999999999953,vwap_exit,21.42,EMIRATES
2025-05-15 11:36:11,sell,21.45,9,1.7999999999999936,vwap_exit,21.42,EMIRATES
2025-05-15 11:36:11,sell,21.45,2902,580.3999999999979,vwap_exit,21.42,EMIRATES
2025-05-15 11:36:11,sell,21.45,188,37.599999999999866,vwap_exit,21.42,EMIRATES
2025-05-15 11:37:43,sell,21.45,258,51.59999999999982,vwap_exit,21.42,EMIRATES
2025-05-15 11:37:55,sell,21.45,22,4.399999999999984,vwap_exit,21.42,EMIRATES
2025-05-15 11:37:55,sell,21.45,1478,295.59999999999894,vwap_exit,21.42,EMIRATES
2025-05-15 11:41:04,sell,21.45,10,1.999999999999993,vwap_exit,21.42,EMIRATES
2025-05-15 11:44:40,sell,21.45,48,9.599999999999966,vwap_exit,21.42,EMIRATES
2025-05-15 11:45:51,sell,21.45,593,118.59999999999958,vwap_exit,21.42,EMIRATES
2025-05-15 11:46:11,sell,21.45,1369,273.79999999999905,vwap_exit,21.42,EMIRATES
2025-05-15 11:47:27,sell,21.45,156,31.19999999999989,vwap_exit,21.42,EMIRATES
2025-05-15 11:48:00,sell,21.45,613,122.59999999999957,vwap_exit,21.42,EMIRATES
2025-05-15 11:49:06,sell,21.45,268,53.59999999999981,vwap_exit,21.42,EMIRATES
2025-05-15 11:49:06,sell,21.45,2232,446.3999999999984,vwap_exit,21.42,EMIRATES
2025-05-15 11:49:45,sell,21.45,699,139.7999999999995,vwap_exit,21.42,EMIRATES
2025-05-15 11:49:45,sell,21.45,3691,738.1999999999974,vwap_exit,21.42,EMIRATES
2025-05-15 11:49:45,sell,21.45,2777,555.399999999998,vwap_exit,21.42,EMIRATES
2025-05-15 14:55:00,sell,21.9,46035,0.0,auction_entry,21.72274046047609,EMIRATES
2025-05-16 12:42:21,buy,22.35,46035,-20715.75000000013,stop_loss,21.9,EMIRATES
2025-05-16 14:55:00,sell,22.6,35653,0.0,auction_entry,22.497385076464784,EMIRATES
2025-05-19 10:00:00,buy,22.5,165,16.500000000000234,vwap_exit,22.5,EMIRATES
2025-05-19 10:00:00,buy,22.5,23,2.3000000000000327,vwap_exit,22.5,EMIRATES
2025-05-19 10:00:00,buy,22.5,135,13.500000000000192,vwap_exit,22.5,EMIRATES
2025-05-19 10:00:00,buy,22.5,355,35.500000000000504,vwap_exit,22.5,EMIRATES
2025-05-19 10:00:00,buy,22.5,35,3.5000000000000497,vwap_exit,22.5,EMIRATES
2025-05-19 10:00:00,buy,22.5,22,2.2000000000000313,vwap_exit,22.5,EMIRATES
2025-05-19 10:00:00,buy,22.5,7,0.70000000000001,vwap_exit,22.5,EMIRATES
2025-05-19 10:00:00,buy,22.5,221,22.100000000000314,vwap_exit,22.5,EMIRATES
2025-05-19 10:00:00,buy,22.5,175,17.50000000000025,vwap_exit,22.5,EMIRATES
2025-05-19 10:00:00,buy,22.5,117,11.700000000000166,vwap_exit,22.5,EMIRATES
2025-05-19 10:00:00,buy,22.5,3,0.30000000000000426,vwap_exit,22.5,EMIRATES
2025-05-19 10:00:00,buy,22.5,8,0.8000000000000114,vwap_exit,22.5,EMIRATES
2025-05-19 10:00:00,buy,22.5,225,22.50000000000032,vwap_exit,22.5,EMIRATES
2025-05-19 10:00:00,buy,22.5,100,10.000000000000142,vwap_exit,22.5,EMIRATES
2025-05-19 10:00:00,buy,22.5,25,2.5000000000000355,vwap_exit,22.5,EMIRATES
2025-05-19 10:00:00,buy,22.5,225,22.50000000000032,vwap_exit,22.5,EMIRATES
2025-05-19 10:00:00,buy,22.5,262,26.200000000000372,vwap_exit,22.5,EMIRATES
2025-05-19 10:00:00,buy,22.5,261,26.10000000000037,vwap_exit,22.5,EMIRATES
2025-05-19 10:00:00,buy,22.5,150,15.000000000000213,vwap_exit,22.5,EMIRATES
2025-05-19 10:00:00,buy,22.5,11,1.1000000000000156,vwap_exit,22.5,EMIRATES
2025-05-19 10:00:00,buy,22.5,489,48.900000000000695,vwap_exit,22.5,EMIRATES
2025-05-19 10:00:00,buy,22.5,26,2.600000000000037,vwap_exit,22.5,EMIRATES
2025-05-19 10:00:00,buy,22.5,180,18.000000000000256,vwap_exit,22.5,EMIRATES
2025-05-19 10:00:00,buy,22.5,66,6.600000000000094,vwap_exit,22.5,EMIRATES
2025-05-19 10:00:00,buy,22.5,239,23.90000000000034,vwap_exit,22.5,EMIRATES
2025-05-19 10:01:35,buy,22.5,850,85.00000000000121,vwap_exit,22.5,EMIRATES
2025-05-19 10:19:00,buy,22.5,2000,200.00000000000284,vwap_exit,22.5,EMIRATES
2025-05-19 10:19:01,buy,22.5,6862,686.2000000000097,vwap_exit,22.5,EMIRATES
2025-05-19 10:19:01,buy,22.5,270,27.000000000000384,vwap_exit,22.5,EMIRATES
2025-05-19 10:19:01,buy,22.5,1895,189.5000000000027,vwap_exit,22.5,EMIRATES
2025-05-19 10:19:01,buy,22.5,973,97.30000000000138,vwap_exit,22.5,EMIRATES
2025-05-19 10:19:01,buy,22.5,633,63.3000000000009,vwap_exit,22.5,EMIRATES
2025-05-19 10:19:01,buy,22.5,2097,209.70000000000297,vwap_exit,22.5,EMIRATES
2025-05-19 10:19:16,buy,22.45,1000,150.00000000000213,vwap_exit,22.5,EMIRATES
2025-05-19 10:19:37,buy,22.45,7882,1182.3000000000168,vwap_exit,22.5,EMIRATES
2025-05-19 10:19:37,buy,22.4,70,14.000000000000199,vwap_exit,22.5,EMIRATES
2025-05-19 10:19:37,buy,22.45,1391,208.65000000000296,vwap_exit,22.5,EMIRATES
2025-05-19 10:19:37,buy,22.4,657,131.40000000000185,vwap_exit,22.5,EMIRATES
2025-05-19 10:20:50,buy,22.4,2450,490.00000000000693,vwap_exit,22.5,EMIRATES
2025-05-19 10:20:50,buy,22.4,3098,619.6000000000088,vwap_exit,22.5,EMIRATES
2025-05-19 14:55:00,sell,23.4,43079,0.0,auction_entry,23.21322752986643,EMIRATES
2025-05-20 10:00:01,buy,23.1,370,110.99999999999895,vwap_exit,23.22,EMIRATES
2025-05-20 10:00:01,buy,23.1,14,4.19999999999996,vwap_exit,23.22,EMIRATES
2025-05-20 10:00:01,buy,23.1,50,14.999999999999858,vwap_exit,23.22,EMIRATES
2025-05-20 10:00:01,buy,23.1,2414,724.1999999999931,vwap_exit,23.22,EMIRATES
2025-05-20 10:00:01,buy,23.1,50,14.999999999999858,vwap_exit,23.22,EMIRATES
2025-05-20 10:00:01,buy,23.1,283,84.8999999999992,vwap_exit,23.22,EMIRATES
2025-05-20 10:00:01,buy,23.1,378,113.39999999999893,vwap_exit,23.22,EMIRATES
2025-05-20 10:00:01,buy,23.1,1000,299.99999999999716,vwap_exit,23.22,EMIRATES
2025-05-20 10:00:01,buy,23.1,750,224.99999999999787,vwap_exit,23.22,EMIRATES
2025-05-20 10:00:01,buy,23.1,566,169.7999999999984,vwap_exit,23.22,EMIRATES
2025-05-20 10:00:01,buy,23.1,250,74.99999999999929,vwap_exit,23.22,EMIRATES
2025-05-20 10:00:01,buy,23.1,336,100.79999999999905,vwap_exit,23.22,EMIRATES
2025-05-20 10:00:01,buy,23.1,80,23.999999999999773,vwap_exit,23.22,EMIRATES
2025-05-20 10:00:01,buy,23.1,42,12.59999999999988,vwap_exit,23.22,EMIRATES
2025-05-20 10:00:01,buy,23.1,220,65.99999999999937,vwap_exit,23.22,EMIRATES
2025-05-20 10:00:01,buy,23.1,50,14.999999999999858,vwap_exit,23.22,EMIRATES
2025-05-20 10:00:01,buy,23.1,240,71.99999999999932,vwap_exit,23.22,EMIRATES
2025-05-20 10:00:01,buy,23.1,250,74.99999999999929,vwap_exit,23.22,EMIRATES
2025-05-20 10:00:01,buy,23.1,280,83.9999999999992,vwap_exit,23.22,EMIRATES
2025-05-20 10:00:01,buy,23.1,214,64.19999999999939,vwap_exit,23.22,EMIRATES
2025-05-20 10:00:03,buy,23.1,806,241.7999999999977,vwap_exit,23.22,EMIRATES
2025-05-20 10:00:05,buy,23.1,806,241.7999999999977,vwap_exit,23.22,EMIRATES
2025-05-20 10:00:05,buy,23.1,250,74.99999999999929,vwap_exit,23.22,EMIRATES
2025-05-20 10:00:05,buy,23.1,1668,500.39999999999526,vwap_exit,23.22,EMIRATES
2025-05-20 10:00:05,buy,23.1,280,83.9999999999992,vwap_exit,23.22,EMIRATES
2025-05-20 10:00:12,buy,23.1,250,74.99999999999929,vwap_exit,23.22,EMIRATES
2025-05-20 10:00:12,buy,23.1,280,83.9999999999992,vwap_exit,23.22,EMIRATES
2025-05-20 10:00:12,buy,23.1,944,283.1999999999973,vwap_exit,23.22,EMIRATES
2025-05-20 10:00:12,buy,23.1,1530,458.9999999999957,vwap_exit,23.22,EMIRATES
2025-05-20 10:00:12,buy,23.1,280,83.9999999999992,vwap_exit,23.22,EMIRATES
2025-05-20 10:00:12,buy,23.1,150,44.999999999999574,vwap_exit,23.22,EMIRATES
2025-05-20 10:00:19,buy,23.05,5000,1749.9999999999893,vwap_exit,23.22,EMIRATES
2025-05-20 10:00:19,buy,23.05,2245,785.7499999999952,vwap_exit,23.22,EMIRATES
2025-05-20 10:00:55,buy,23.2,88,17.599999999999937,vwap_exit,23.22,EMIRATES
2025-05-20 10:00:55,buy,23.2,100,19.99999999999993,vwap_exit,23.22,EMIRATES
2025-05-20 10:00:55,buy,23.15,50,12.5,vwap_exit,23.22,EMIRATES
2025-05-20 10:01:00,buy,23.0,114,45.59999999999984,vwap_exit,23.22,EMIRATES
2025-05-20 10:01:14,buy,23.15,108,27.0,vwap_exit,23.22,EMIRATES
2025-05-20 10:01:49,buy,23.2,2310,461.99999999999835,vwap_exit,23.22,EMIRATES
2025-05-20 10:01:49,buy,23.2,191,38.19999999999986,vwap_exit,23.22,EMIRATES
2025-05-20 10:01:49,buy,23.2,239,47.79999999999983,vwap_exit,23.22,EMIRATES
2025-05-20 10:01:49,buy,23.2,260,51.999999999999815,vwap_exit,23.22,EMIRATES
2025-05-20 10:01:50,buy,23.2,1548,309.5999999999989,vwap_exit,23.22,EMIRATES
2025-05-20 10:33:02,buy,23.2,1607,321.39999999999884,vwap_exit,23.22,EMIRATES
2025-05-20 10:33:02,buy,23.2,24,4.799999999999983,vwap_exit,23.22,EMIRATES
2025-05-20 10:33:23,buy,23.2,2405,480.9999999999983,vwap_exit,23.22,EMIRATES
2025-05-20 11:54:57,buy,23.2,118,23.599999999999916,vwap_exit,23.22,EMIRATES
2025-05-20 11:56:21,buy,23.2,118,23.599999999999916,vwap_exit,23.22,EMIRATES
2025-05-20 11:56:21,buy,23.2,8315,1662.999999999994,vwap_exit,23.22,EMIRATES
2025-05-20 11:56:21,buy,23.2,876,175.19999999999936,vwap_exit,23.22,EMIRATES
2025-05-20 11:56:21,buy,23.2,691,138.1999999999995,vwap_exit,23.22,EMIRATES
2025-05-20 11:57:02,buy,23.2,1591,318.19999999999885,vwap_exit,23.22,EMIRATES
2025-05-23 14:55:00,sell,23.0,43727,0.0,auction_entry,22.869346899189324,EMIRATES
2025-05-26 13:10:52,buy,23.5,43727,-21863.5,stop_loss,23.0,EMIRATES
2025-05-29 14:55:00,sell,22.95,43792,0.0,auction_entry,22.835264129383848,EMIRATES
2025-05-30 10:51:21,buy,22.8,843,126.4499999999988,vwap_exit,22.84,EMIRATES
2025-05-30 10:51:21,buy,22.8,276,41.39999999999961,vwap_exit,22.84,EMIRATES
2025-05-30 10:51:21,buy,22.8,162,24.29999999999977,vwap_exit,22.84,EMIRATES
2025-05-30 10:51:21,buy,22.8,838,125.69999999999881,vwap_exit,22.84,EMIRATES
2025-05-30 10:51:21,buy,22.8,500,74.99999999999929,vwap_exit,22.84,EMIRATES
2025-05-30 10:51:21,buy,22.8,17,2.549999999999976,vwap_exit,22.84,EMIRATES
2025-05-30 10:51:21,buy,22.8,300,44.999999999999574,vwap_exit,22.84,EMIRATES
2025-05-30 10:51:21,buy,22.8,576,86.39999999999918,vwap_exit,22.84,EMIRATES
2025-05-30 10:51:21,buy,22.8,224,33.59999999999968,vwap_exit,22.84,EMIRATES
2025-05-30 10:51:21,buy,22.8,220,32.99999999999969,vwap_exit,22.84,EMIRATES
2025-05-30 10:51:30,buy,22.8,8375,1256.2499999999882,vwap_exit,22.84,EMIRATES
2025-05-30 10:51:50,buy,22.8,299,44.849999999999575,vwap_exit,22.84,EMIRATES
2025-05-30 10:51:50,buy,22.8,2412,361.79999999999654,vwap_exit,22.84,EMIRATES
2025-05-30 11:55:30,buy,22.8,100,14.999999999999858,vwap_exit,22.84,EMIRATES
2025-05-30 11:57:06,buy,22.8,606,90.89999999999914,vwap_exit,22.84,EMIRATES
2025-05-30 12:36:04,buy,22.8,261,39.14999999999963,vwap_exit,22.84,EMIRATES
2025-05-30 12:36:05,buy,22.8,196,29.39999999999972,vwap_exit,22.84,EMIRATES
2025-05-30 12:36:05,buy,22.8,258,38.69999999999963,vwap_exit,22.84,EMIRATES
2025-05-30 12:36:05,buy,22.8,325,48.74999999999954,vwap_exit,22.84,EMIRATES
2025-05-30 12:41:15,buy,22.8,292,43.799999999999585,vwap_exit,22.84,EMIRATES
2025-05-30 12:41:55,buy,22.8,251,37.64999999999964,vwap_exit,22.84,EMIRATES
2025-05-30 12:42:37,buy,22.8,2557,383.5499999999964,vwap_exit,22.84,EMIRATES
2025-05-30 12:43:25,buy,22.8,203,30.44999999999971,vwap_exit,22.84,EMIRATES
2025-05-30 12:43:45,buy,22.8,397,59.549999999999436,vwap_exit,22.84,EMIRATES
2025-05-30 12:45:42,buy,22.8,4517,677.5499999999936,vwap_exit,22.84,EMIRATES
2025-05-30 12:45:42,buy,22.8,758,113.69999999999892,vwap_exit,22.84,EMIRATES
2025-05-30 12:45:42,buy,22.8,1500,224.99999999999787,vwap_exit,22.84,EMIRATES
2025-05-30 12:45:42,buy,22.8,500,74.99999999999929,vwap_exit,22.84,EMIRATES
2025-05-30 12:45:42,buy,22.8,2555,383.24999999999636,vwap_exit,22.84,EMIRATES
2025-05-30 12:45:42,buy,22.8,7445,1116.7499999999893,vwap_exit,22.84,EMIRATES
2025-05-30 12:45:42,buy,22.8,100,14.999999999999858,vwap_exit,22.84,EMIRATES
2025-05-30 12:45:42,buy,22.8,2625,393.74999999999625,vwap_exit,22.84,EMIRATES
2025-05-30 12:46:49,buy,22.8,2198,329.69999999999686,vwap_exit,22.84,EMIRATES
2025-05-30 12:47:03,buy,22.8,68,10.199999999999903,vwap_exit,22.84,EMIRATES
2025-05-30 12:47:03,buy,22.8,220,32.99999999999969,vwap_exit,22.84,EMIRATES
2025-05-30 12:47:03,buy,22.8,804,120.59999999999886,vwap_exit,22.84,EMIRATES
2025-05-30 12:47:03,buy,22.8,14,2.09999999999998,vwap_exit,22.84,EMIRATES
2025-05-30 14:55:00,buy,22.4,43883,0.0,auction_entry,22.787632471830104,EMIRATES
2025-06-02 12:19:33,sell,21.95,43883,-19747.34999999997,stop_loss,22.4,EMIRATES
2025-06-02 14:55:00,buy,22.1,45013,0.0,auction_entry,22.215642833944234,EMIRATES
2025-06-03 10:15:37,sell,22.3,450,89.99999999999969,vwap_exit,22.22,EMIRATES
2025-06-03 10:15:51,sell,22.35,81,20.25,vwap_exit,22.22,EMIRATES
2025-06-03 10:15:51,sell,22.35,1599,399.75,vwap_exit,22.22,EMIRATES
2025-06-03 10:15:51,sell,22.35,20,5.0,vwap_exit,22.22,EMIRATES
2025-06-03 10:16:14,sell,22.35,17,4.25,vwap_exit,22.22,EMIRATES
2025-06-03 10:16:58,sell,22.3,10,1.999999999999993,vwap_exit,22.22,EMIRATES
2025-06-03 10:17:03,sell,22.3,540,107.99999999999962,vwap_exit,22.22,EMIRATES
2025-06-03 10:17:03,sell,22.3,21,4.199999999999985,vwap_exit,22.22,EMIRATES
2025-06-03 10:17:03,sell,22.3,2272,454.3999999999984,vwap_exit,22.22,EMIRATES
2025-06-03 10:17:10,sell,22.3,731,146.19999999999948,vwap_exit,22.22,EMIRATES
2025-06-03 10:17:15,sell,22.3,269,53.79999999999981,vwap_exit,22.22,EMIRATES
2025-06-03 10:17:17,sell,22.3,1231,246.19999999999914,vwap_exit,22.22,EMIRATES
2025-06-03 10:17:17,sell,22.3,1378,275.599999999999,vwap_exit,22.22,EMIRATES
2025-06-03 10:17:17,sell,22.3,191,38.19999999999986,vwap_exit,22.22,EMIRATES
2025-06-03 10:18:04,sell,22.3,10,1.999999999999993,vwap_exit,22.22,EMIRATES
2025-06-03 10:18:29,sell,22.3,90,17.999999999999936,vwap_exit,22.22,EMIRATES
2025-06-03 10:21:34,sell,22.3,200,39.99999999999986,vwap_exit,22.22,EMIRATES
2025-06-03 10:23:24,sell,22.3,59,11.799999999999958,vwap_exit,22.22,EMIRATES
2025-06-03 10:23:24,sell,22.3,443,88.59999999999968,vwap_exit,22.22,EMIRATES
2025-06-03 10:23:24,sell,22.3,122,24.399999999999913,vwap_exit,22.22,EMIRATES
2025-06-03 10:23:46,sell,22.3,50,9.999999999999964,vwap_exit,22.22,EMIRATES
2025-06-03 10:24:27,sell,22.3,124,24.799999999999912,vwap_exit,22.22,EMIRATES
2025-06-03 10:24:55,sell,22.3,2300,459.99999999999835,vwap_exit,22.22,EMIRATES
2025-06-03 10:25:58,sell,22.25,2000,299.99999999999716,vwap_exit,22.22,EMIRATES
2025-06-03 10:25:58,sell,22.25,2000,299.99999999999716,vwap_exit,22.22,EMIRATES
2025-06-03 10:25:58,sell,22.25,342,51.299999999999514,vwap_exit,22.22,EMIRATES
2025-06-03 10:26:31,sell,22.25,158,23.699999999999775,vwap_exit,22.22,EMIRATES
2025-06-03 10:26:31,sell,22.25,500,74.99999999999929,vwap_exit,22.22,EMIRATES
2025-06-03 10:26:31,sell,22.25,709,106.349999999999,vwap_exit,22.22,EMIRATES
2025-06-03 10:31:22,sell,22.3,85,16.99999999999994,vwap_exit,22.22,EMIRATES
2025-06-03 10:31:29,sell,22.25,100,14.999999999999858,vwap_exit,22.22,EMIRATES
2025-06-03 10:31:29,sell,22.25,154,23.09999999999978,vwap_exit,22.22,EMIRATES
2025-06-03 10:31:35,sell,22.25,1308,196.19999999999814,vwap_exit,22.22,EMIRATES
2025-06-03 10:31:44,sell,22.3,1720,343.99999999999875,vwap_exit,22.22,EMIRATES
2025-06-03 10:31:44,sell,22.3,575,114.99999999999959,vwap_exit,22.22,EMIRATES
2025-06-03 10:31:44,sell,22.3,632,126.39999999999955,vwap_exit,22.22,EMIRATES
2025-06-03 10:31:45,sell,22.3,440,87.99999999999969,vwap_exit,22.22,EMIRATES
2025-06-03 10:31:45,sell,22.3,1887,377.39999999999867,vwap_exit,22.22,EMIRATES
2025-06-03 10:31:45,sell,22.3,347,69.39999999999975,vwap_exit,22.22,EMIRATES
2025-06-03 10:31:45,sell,22.3,1546,309.1999999999989,vwap_exit,22.22,EMIRATES
2025-06-03 10:31:45,sell,22.3,5780,1155.999999999996,vwap_exit,22.22,EMIRATES
2025-06-03 10:31:49,sell,22.3,582,116.39999999999958,vwap_exit,22.22,EMIRATES
2025-06-03 10:31:49,sell,22.3,2326,465.19999999999834,vwap_exit,22.22,EMIRATES
2025-06-03 10:31:49,sell,22.3,1772,354.3999999999987,vwap_exit,22.22,EMIRATES
2025-06-03 10:31:49,sell,22.3,969,193.7999999999993,vwap_exit,22.22,EMIRATES
2025-06-03 10:31:59,sell,22.35,562,140.5,vwap_exit,22.22,EMIRATES
2025-06-03 10:31:59,sell,22.35,20,5.0,vwap_exit,22.22,EMIRATES
2025-06-03 10:32:08,sell,22.4,40,11.999999999999886,vwap_exit,22.22,EMIRATES
2025-06-03 10:32:08,sell,22.4,300,89.99999999999915,vwap_exit,22.22,EMIRATES
2025-06-03 10:32:15,sell,22.45,100,34.99999999999979,vwap_exit,22.22,EMIRATES
2025-06-03 10:32:23,sell,22.4,160,47.999999999999545,vwap_exit,22.22,EMIRATES
2025-06-03 10:32:32,sell,22.35,418,104.5,vwap_exit,22.22,EMIRATES
2025-06-03 10:32:35,sell,22.3,500,99.99999999999964,vwap_exit,22.22,EMIRATES
2025-06-03 10:32:35,sell,22.3,4773,954.5999999999966,vwap_exit,22.22,EMIRATES
2025-06-10 14:55:00,sell,22.4,44978,0.0,auction_entry,22.23315801814331,EMIRATES
2025-06-11 10:15:49,buy,22.2,2399,479.7999999999983,vwap_exit,22.240000000000002,EMIRATES
2025-06-11 10:17:05,buy,22.2,366,73.19999999999973,vwap_exit,22.240000000000002,EMIRATES
2025-06-11 11:02:38,buy,22.2,480,95.99999999999966,vwap_exit,22.240000000000002,EMIRATES
2025-06-11 11:02:38,buy,22.2,492,98.39999999999965,vwap_exit,22.240000000000002,EMIRATES
2025-06-11 11:02:38,buy,22.2,1061,212.19999999999925,vwap_exit,22.240000000000002,EMIRATES
2025-06-11 11:02:38,buy,22.2,723,144.59999999999948,vwap_exit,22.240000000000002,EMIRATES
2025-06-11 11:02:38,buy,22.2,5034,1006.7999999999964,vwap_exit,22.240000000000002,EMIRATES
2025-06-11 11:15:16,buy,22.2,100,19.99999999999993,vwap_exit,22.240000000000002,EMIRATES
2025-06-11 11:15:16,buy,22.2,2156,431.19999999999845,vwap_exit,22.240000000000002,EMIRATES
2025-06-11 11:15:16,buy,22.2,7244,1448.799999999995,vwap_exit,22.240000000000002,EMIRATES
2025-06-11 11:15:16,buy,22.2,500,99.99999999999964,vwap_exit,22.240000000000002,EMIRATES
2025-06-11 11:15:24,buy,22.2,1000,199.9999999999993,vwap_exit,22.240000000000002,EMIRATES
2025-06-11 11:15:24,buy,22.2,1000,199.9999999999993,vwap_exit,22.240000000000002,EMIRATES
2025-06-11 11:15:24,buy,22.2,630,125.99999999999955,vwap_exit,22.240000000000002,EMIRATES
2025-06-11 11:15:24,buy,22.2,1450,289.999999999999,vwap_exit,22.240000000000002,EMIRATES
2025-06-11 11:15:24,buy,22.2,250,49.99999999999982,vwap_exit,22.240000000000002,EMIRATES
2025-06-11 11:15:24,buy,22.2,1000,199.9999999999993,vwap_exit,22.240000000000002,EMIRATES
2025-06-11 11:15:24,buy,22.2,1000,199.9999999999993,vwap_exit,22.240000000000002,EMIRATES
2025-06-11 11:15:24,buy,22.2,5265,1052.9999999999964,vwap_exit,22.240000000000002,EMIRATES
2025-06-11 11:15:24,buy,22.2,1000,199.9999999999993,vwap_exit,22.240000000000002,EMIRATES
2025-06-11 11:15:24,buy,22.2,300,59.99999999999979,vwap_exit,22.240000000000002,EMIRATES
2025-06-11 11:15:24,buy,22.2,11528,2305.5999999999917,vwap_exit,22.240000000000002,EMIRATES
2025-06-12 14:55:00,sell,21.65,46657,0.0,auction_entry,21.433173015262287,EMIRATES
2025-06-13 10:00:00,buy,21.0,1000,649.9999999999986,vwap_exit,21.44,EMIRATES
2025-06-13 10:00:00,buy,21.0,235,152.74999999999966,vwap_exit,21.44,EMIRATES
2025-06-13 10:00:00,buy,21.0,2000,1299.9999999999973,vwap_exit,21.44,EMIRATES
2025-06-13 10:00:00,buy,21.0,5723,3719.949999999992,vwap_exit,21.44,EMIRATES
2025-06-13 10:00:00,buy,21.0,86,55.89999999999988,vwap_exit,21.44,EMIRATES
2025-06-13 10:00:00,buy,21.0,3723,2419.949999999995,vwap_exit,21.44,EMIRATES
2025-06-13 10:00:00,buy,21.0,6229,4048.8499999999913,vwap_exit,21.44,EMIRATES
2025-06-13 10:00:00,buy,21.0,3055,1985.7499999999957,vwap_exit,21.44,EMIRATES
2025-06-13 10:00:00,buy,21.0,299,194.34999999999957,vwap_exit,21.44,EMIRATES
2025-06-13 10:00:00,buy,21.0,236,153.39999999999966,vwap_exit,21.44,EMIRATES
2025-06-13 10:00:00,buy,21.0,100,64.99999999999986,vwap_exit,21.44,EMIRATES
2025-06-13 10:00:00,buy,21.0,470,305.4999999999993,vwap_exit,21.44,EMIRATES
2025-06-13 10:00:00,buy,21.0,500,324.9999999999993,vwap_exit,21.44,EMIRATES
2025-06-13 10:00:00,buy,21.0,4345,2824.2499999999936,vwap_exit,21.44,EMIRATES
2025-06-13 10:00:00,buy,21.0,3885,2525.2499999999945,vwap_exit,21.44,EMIRATES
2025-06-13 10:00:00,buy,21.0,300,194.99999999999957,vwap_exit,21.44,EMIRATES
2025-06-13 10:00:00,buy,21.0,1000,649.9999999999986,vwap_exit,21.44,EMIRATES
2025-06-13 10:00:00,buy,21.0,1500,974.9999999999978,vwap_exit,21.44,EMIRATES
2025-06-13 10:00:00,buy,21.0,51,33.14999999999993,vwap_exit,21.44,EMIRATES
2025-06-13 10:00:00,buy,21.0,250,162.49999999999966,vwap_exit,21.44,EMIRATES
2025-06-13 10:00:00,buy,21.0,400,259.99999999999943,vwap_exit,21.44,EMIRATES
2025-06-13 10:00:00,buy,21.0,1500,974.9999999999978,vwap_exit,21.44,EMIRATES
2025-06-13 10:00:00,buy,21.0,250,162.49999999999966,vwap_exit,21.44,EMIRATES
2025-06-13 10:00:00,buy,21.0,150,97.49999999999979,vwap_exit,21.44,EMIRATES
2025-06-13 10:00:00,buy,21.0,500,324.9999999999993,vwap_exit,21.44,EMIRATES
2025-06-13 10:00:00,buy,21.0,250,162.49999999999966,vwap_exit,21.44,EMIRATES
2025-06-13 10:00:00,buy,21.0,139,90.3499999999998,vwap_exit,21.44,EMIRATES
2025-06-13 10:00:00,buy,21.0,100,64.99999999999986,vwap_exit,21.44,EMIRATES
2025-06-13 10:00:00,buy,21.0,237,154.04999999999967,vwap_exit,21.44,EMIRATES
2025-06-13 10:00:00,buy,21.0,560,363.9999999999992,vwap_exit,21.44,EMIRATES
2025-06-13 10:00:00,buy,21.0,7584,4929.599999999989,vwap_exit,21.44,EMIRATES
2025-06-13 14:55:00,sell,21.2,20070,0.0,auction_entry,21.09802673690175,EMIRATES
2025-06-16 10:00:00,buy,21.1,500,49.999999999998934,vwap_exit,21.1,EMIRATES
2025-06-16 10:00:00,buy,21.1,100,9.999999999999787,vwap_exit,21.1,EMIRATES
2025-06-16 10:00:00,buy,21.1,627,62.69999999999867,vwap_exit,21.1,EMIRATES
2025-06-16 10:00:00,buy,21.1,2476,247.59999999999474,vwap_exit,21.1,EMIRATES
2025-06-16 10:00:00,buy,21.1,18,1.7999999999999616,vwap_exit,21.1,EMIRATES
2025-06-16 10:00:00,buy,21.1,2500,249.99999999999466,vwap_exit,21.1,EMIRATES
2025-06-16 10:00:00,buy,21.1,1600,159.9999999999966,vwap_exit,21.1,EMIRATES
2025-06-16 10:00:00,buy,21.1,400,39.99999999999915,vwap_exit,21.1,EMIRATES
2025-06-16 10:00:00,buy,21.1,5,0.49999999999998934,vwap_exit,21.1,EMIRATES
2025-06-16 10:00:00,buy,21.1,339,33.89999999999928,vwap_exit,21.1,EMIRATES
2025-06-16 10:00:00,buy,21.1,112,11.199999999999761,vwap_exit,21.1,EMIRATES
2025-06-16 10:00:00,buy,21.1,1000,99.99999999999787,vwap_exit,21.1,EMIRATES
2025-06-16 10:00:00,buy,21.1,1556,155.59999999999667,vwap_exit,21.1,EMIRATES
2025-06-16 10:00:00,buy,21.1,10,0.9999999999999787,vwap_exit,21.1,EMIRATES
2025-06-16 10:00:00,buy,21.1,500,49.999999999998934,vwap_exit,21.1,EMIRATES
2025-06-16 10:00:00,buy,21.1,270,26.999999999999424,vwap_exit,21.1,EMIRATES
2025-06-16 10:00:00,buy,21.1,50,4.999999999999893,vwap_exit,21.1,EMIRATES
2025-06-16 10:00:00,buy,21.1,480,47.99999999999898,vwap_exit,21.1,EMIRATES
2025-06-16 10:00:00,buy,21.1,340,33.999999999999275,vwap_exit,21.1,EMIRATES
2025-06-16 10:00:00,buy,21.1,180,17.999999999999616,vwap_exit,21.1,EMIRATES
2025-06-16 10:00:00,buy,21.1,113,11.29999999999976,vwap_exit,21.1,EMIRATES
2025-06-16 10:00:00,buy,21.1,1500,149.99999999999682,vwap_exit,21.1,EMIRATES
2025-06-16 10:00:00,buy,21.1,992,99.19999999999789,vwap_exit,21.1,EMIRATES
2025-06-16 10:00:00,buy,21.1,1090,108.99999999999767,vwap_exit,21.1,EMIRATES
2025-06-16 10:00:00,buy,21.1,110,10.999999999999766,vwap_exit,21.1,EMIRATES
2025-06-16 10:02:27,buy,21.1,80,7.9999999999998295,vwap_exit,21.1,EMIRATES
2025-06-16 10:02:27,buy,21.1,59,5.899999999999874,vwap_exit,21.1,EMIRATES
2025-06-16 10:02:27,buy,21.1,43,4.299999999999908,vwap_exit,21.1,EMIRATES
2025-06-16 10:02:27,buy,21.1,34,3.3999999999999275,vwap_exit,21.1,EMIRATES
2025-06-16 10:02:28,buy,21.1,1907,190.69999999999592,vwap_exit,21.1,EMIRATES
2025-06-16 10:02:28,buy,21.1,81,8.099999999999827,vwap_exit,21.1,EMIRATES
2025-06-16 10:02:28,buy,21.1,278,27.799999999999407,vwap_exit,21.1,EMIRATES
2025-06-16 10:02:28,buy,21.1,712,71.19999999999848,vwap_exit,21.1,EMIRATES
2025-06-16 10:02:28,buy,21.1,8,0.799999999999983,vwap_exit,21.1,EMIRATES
2025-06-17 14:55:00,buy,21.0,31134,0.0,auction_entry,21.17014306750959,EMIRATES
2025-06-18 12:41:23,sell,21.2,1688,337.5999999999988,vwap_exit,21.18,EMIRATES
2025-06-18 12:44:12,sell,21.2,1689,337.7999999999988,vwap_exit,21.18,EMIRATES
2025-06-18 12:45:46,sell,21.2,1585,316.99999999999886,vwap_exit,21.18,EMIRATES
2025-06-18 12:47:00,sell,21.2,1723,344.5999999999988,vwap_exit,21.18,EMIRATES
2025-06-18 12:57:53,sell,21.2,2989,597.7999999999979,vwap_exit,21.18,EMIRATES
2025-06-18 12:57:54,sell,21.2,2286,457.1999999999984,vwap_exit,21.18,EMIRATES
2025-06-18 12:57:54,sell,21.2,326,65.19999999999976,vwap_exit,21.18,EMIRATES
2025-06-18 12:57:57,sell,21.2,1570,313.99999999999886,vwap_exit,21.18,EMIRATES
2025-06-18 12:57:59,sell,21.2,5481,1096.1999999999962,vwap_exit,21.18,EMIRATES
2025-06-18 12:58:02,sell,21.2,895,178.99999999999937,vwap_exit,21.18,EMIRATES
2025-06-18 12:58:02,sell,21.2,663,132.59999999999954,vwap_exit,21.18,EMIRATES
2025-06-18 12:58:02,sell,21.2,61,12.199999999999957,vwap_exit,21.18,EMIRATES
2025-06-18 12:58:03,sell,21.2,1982,396.3999999999986,vwap_exit,21.18,EMIRATES
2025-06-18 12:58:03,sell,21.2,208,41.59999999999985,vwap_exit,21.18,EMIRATES
2025-06-18 12:58:03,sell,21.2,449,89.79999999999968,vwap_exit,21.18,EMIRATES
2025-06-18 12:58:03,sell,21.2,1837,367.39999999999867,vwap_exit,21.18,EMIRATES
2025-06-18 12:58:03,sell,21.2,1214,242.79999999999913,vwap_exit,21.18,EMIRATES
2025-06-18 12:58:03,sell,21.2,1500,299.9999999999989,vwap_exit,21.18,EMIRATES
2025-06-18 12:58:03,sell,21.2,2988,597.5999999999979,vwap_exit,21.18,EMIRATES
2025-06-20 14:55:00,buy,21.15,46813,0.0,auction_entry,21.361460551019128,EMIRATES
2025-06-23 11:34:30,sell,21.4,1341,335.25,vwap_exit,21.36,EMIRATES
2025-06-23 11:34:31,sell,21.4,105,26.25,vwap_exit,21.36,EMIRATES
2025-06-23 11:35:37,sell,21.4,554,138.5,vwap_exit,21.36,EMIRATES
2025-06-23 11:35:37,sell,21.4,896,224.0,vwap_exit,21.36,EMIRATES
2025-06-23 11:36:48,sell,21.4,25000,6250.0,vwap_exit,21.36,EMIRATES
2025-06-23 11:36:50,sell,21.4,355,88.75,vwap_exit,21.36,EMIRATES
2025-06-23 11:36:50,sell,21.4,805,201.25,vwap_exit,21.36,EMIRATES
2025-06-23 11:36:50,sell,21.4,315,78.75,vwap_exit,21.36,EMIRATES
2025-06-23 11:36:50,sell,21.4,164,41.0,vwap_exit,21.36,EMIRATES
2025-06-23 11:36:50,sell,21.4,2803,700.75,vwap_exit,21.36,EMIRATES
2025-06-23 11:36:50,sell,21.4,226,56.5,vwap_exit,21.36,EMIRATES
2025-06-23 11:36:50,sell,21.4,130,32.5,vwap_exit,21.36,EMIRATES
2025-06-23 11:37:29,sell,21.4,454,113.5,vwap_exit,21.36,EMIRATES
2025-06-23 11:37:29,sell,21.4,46,11.5,vwap_exit,21.36,EMIRATES
2025-06-23 11:40:00,sell,21.4,2277,569.25,vwap_exit,21.36,EMIRATES
2025-06-23 11:40:00,sell,21.4,3032,758.0,vwap_exit,21.36,EMIRATES
2025-06-23 11:40:00,sell,21.4,8310,2077.5,vwap_exit,21.36,EMIRATES
2025-06-30 14:55:00,buy,22.8,43391,0.0,auction_entry,23.046123744076514,EMIRATES
2025-07-01 10:02:56,sell,23.05,403,100.75,vwap_exit,23.04,EMIRATES
2025-07-01 10:02:56,sell,23.05,1097,274.25,vwap_exit,23.04,EMIRATES
2025-07-01 10:03:24,sell,23.1,1500,450.0000000000011,vwap_exit,23.04,EMIRATES
2025-07-01 10:03:27,sell,23.1,950,285.0000000000007,vwap_exit,23.04,EMIRATES
2025-07-01 10:03:27,sell,23.1,266,79.80000000000018,vwap_exit,23.04,EMIRATES
2025-07-01 10:03:36,sell,23.05,500,125.0,vwap_exit,23.04,EMIRATES
2025-07-01 10:03:48,sell,23.05,125,31.25,vwap_exit,23.04,EMIRATES
2025-07-01 10:03:48,sell,23.05,233,58.25,vwap_exit,23.04,EMIRATES
2025-07-01 10:03:48,sell,23.05,500,125.0,vwap_exit,23.04,EMIRATES
2025-07-01 10:03:48,sell,23.05,119,29.75,vwap_exit,23.04,EMIRATES
2025-07-01 10:03:48,sell,23.05,870,217.5,vwap_exit,23.04,EMIRATES
2025-07-01 10:03:48,sell,23.05,153,38.25,vwap_exit,23.04,EMIRATES
2025-07-01 10:04:13,sell,23.05,370,92.5,vwap_exit,23.04,EMIRATES
2025-07-01 10:07:47,sell,23.05,250,62.5,vwap_exit,23.04,EMIRATES
2025-07-01 10:08:58,sell,23.05,5000,1250.0,vwap_exit,23.04,EMIRATES
2025-07-01 10:42:28,sell,23.05,1119,279.75,vwap_exit,23.04,EMIRATES
2025-07-01 10:48:54,sell,23.05,1094,273.5,vwap_exit,23.04,EMIRATES
2025-07-01 10:49:06,sell,23.05,300,75.0,vwap_exit,23.04,EMIRATES
2025-07-01 10:49:42,sell,23.05,1867,466.75,vwap_exit,23.04,EMIRATES
2025-07-01 10:49:42,sell,23.05,2009,502.25,vwap_exit,23.04,EMIRATES
2025-07-01 10:49:42,sell,23.05,461,115.25,vwap_exit,23.04,EMIRATES
2025-07-01 10:50:10,sell,23.05,1014,253.5,vwap_exit,23.04,EMIRATES
2025-07-01 10:50:24,sell,23.05,1124,281.0,vwap_exit,23.04,EMIRATES
2025-07-01 10:50:24,sell,23.05,392,98.0,vwap_exit,23.04,EMIRATES
2025-07-01 10:50:24,sell,23.05,330,82.5,vwap_exit,23.04,EMIRATES
2025-07-01 10:50:24,sell,23.05,2560,640.0,vwap_exit,23.04,EMIRATES
2025-07-01 10:50:30,sell,23.05,594,148.5,vwap_exit,23.04,EMIRATES
2025-07-01 10:50:30,sell,23.05,1115,278.75,vwap_exit,23.04,EMIRATES
2025-07-01 10:51:52,sell,23.05,260,65.0,vwap_exit,23.04,EMIRATES
2025-07-01 10:51:53,sell,23.05,1866,466.5,vwap_exit,23.04,EMIRATES
2025-07-01 10:52:48,sell,23.05,5000,1250.0,vwap_exit,23.04,EMIRATES
2025-07-01 10:52:48,sell,23.05,1813,453.25,vwap_exit,23.04,EMIRATES
2025-07-01 10:54:20,sell,23.05,1160,290.0,vwap_exit,23.04,EMIRATES
2025-07-01 10:58:58,sell,23.05,10,2.5,vwap_exit,23.04,EMIRATES
2025-07-01 10:59:47,sell,23.05,43,10.75,vwap_exit,23.04,EMIRATES
2025-07-01 11:00:24,sell,23.05,9,2.25,vwap_exit,23.04,EMIRATES
2025-07-01 11:00:40,sell,23.05,11,2.75,vwap_exit,23.04,EMIRATES
2025-07-01 11:00:58,sell,23.05,28,7.0,vwap_exit,23.04,EMIRATES
2025-07-01 11:01:33,sell,23.05,5,1.25,vwap_exit,23.04,EMIRATES
2025-07-01 11:01:42,sell,23.05,217,54.25,vwap_exit,23.04,EMIRATES
2025-07-01 11:02:07,sell,23.05,1660,415.0,vwap_exit,23.04,EMIRATES
2025-07-01 11:02:24,sell,23.05,44,11.0,vwap_exit,23.04,EMIRATES
2025-07-01 11:02:24,sell,23.05,981,245.25,vwap_exit,23.04,EMIRATES
2025-07-01 11:02:40,sell,23.05,20,5.0,vwap_exit,23.04,EMIRATES
2025-07-01 11:02:42,sell,23.05,82,20.5,vwap_exit,23.04,EMIRATES
2025-07-01 11:03:05,sell,23.05,40,10.0,vwap_exit,23.04,EMIRATES
2025-07-01 11:07:20,sell,23.05,1280,320.0,vwap_exit,23.04,EMIRATES
2025-07-01 11:07:20,sell,23.05,840,210.0,vwap_exit,23.04,EMIRATES
2025-07-01 11:07:20,sell,23.05,1707,426.75,vwap_exit,23.04,EMIRATES
2025-07-03 14:55:00,sell,23.3,41994,0.0,auction_entry,23.18626125726059,EMIRATES
2025-07-04 14:55:00,buy,23.6,41994,-12598.20000000003,eod_flatten,23.18,EMIRATES
2025-07-08 14:55:00,sell,24.45,41132,0.0,auction_entry,24.31187287280977,EMIRATES
2025-07-09 11:28:15,buy,24.3,3469,520.349999999995,vwap_exit,24.32,EMIRATES
2025-07-09 11:28:15,buy,24.3,300,44.999999999999574,vwap_exit,24.32,EMIRATES
2025-07-09 11:28:15,buy,24.3,5000,749.999999999993,vwap_exit,24.32,EMIRATES
2025-07-09 11:28:15,buy,24.3,10000,1499.999999999986,vwap_exit,24.32,EMIRATES
2025-07-09 11:28:15,buy,24.3,10719,1607.8499999999847,vwap_exit,24.32,EMIRATES
2025-07-09 11:28:15,buy,24.3,5000,749.999999999993,vwap_exit,24.32,EMIRATES
2025-07-09 11:28:16,buy,24.3,1417,212.549999999998,vwap_exit,24.32,EMIRATES
2025-07-09 11:28:16,buy,24.3,1191,178.6499999999983,vwap_exit,24.32,EMIRATES
2025-07-09 11:28:16,buy,24.3,1066,159.8999999999985,vwap_exit,24.32,EMIRATES
2025-07-09 11:28:16,buy,24.3,1326,198.8999999999981,vwap_exit,24.32,EMIRATES
2025-07-09 11:28:16,buy,24.3,1644,246.59999999999766,vwap_exit,24.32,EMIRATES
2025-07-09 14:55:00,sell,24.35,37563,0.0,auction_entry,24.166014079378556,EMIRATES
2025-07-10 10:22:32,buy,24.15,695,139.000000000002,vwap_exit,24.16,EMIRATES
2025-07-10 10:24:33,buy,24.15,861,172.20000000000243,vwap_exit,24.16,EMIRATES
2025-07-10 10:25:34,buy,24.15,1411,282.200000000004,vwap_exit,24.16,EMIRATES
2025-07-10 10:26:33,buy,24.15,1614,322.8000000000046,vwap_exit,24.16,EMIRATES
2025-07-10 10:26:34,buy,24.15,416,83.20000000000118,vwap_exit,24.16,EMIRATES
2025-07-10 10:26:34,buy,24.15,419,83.80000000000119,vwap_exit,24.16,EMIRATES
2025-07-10 10:30:38,buy,24.15,765,153.00000000000216,vwap_exit,24.16,EMIRATES
2025-07-10 10:30:39,buy,24.15,500,100.00000000000142,vwap_exit,24.16,EMIRATES
2025-07-10 10:31:38,buy,24.15,1584,316.8000000000045,vwap_exit,24.16,EMIRATES
2025-07-10 10:33:39,buy,24.15,870,174.00000000000247,vwap_exit,24.16,EMIRATES
2025-07-10 10:33:39,buy,24.15,751,150.20000000000215,vwap_exit,24.16,EMIRATES
2025-07-10 10:34:23,buy,24.15,833,166.60000000000235,vwap_exit,24.16,EMIRATES
2025-07-10 10:34:23,buy,24.15,114,22.800000000000324,vwap_exit,24.16,EMIRATES
2025-07-10 10:37:01,buy,24.15,1586,317.2000000000045,vwap_exit,24.16,EMIRATES
2025-07-10 10:37:49,buy,24.15,1378,275.6000000000039,vwap_exit,24.16,EMIRATES
2025-07-10 10:38:50,buy,24.15,1203,240.60000000000343,vwap_exit,24.16,EMIRATES
2025-07-10 10:38:50,buy,24.15,272,54.40000000000077,vwap_exit,24.16,EMIRATES
2025-07-10 10:39:50,buy,24.15,1471,294.2000000000042,vwap_exit,24.16,EMIRATES
2025-07-10 10:40:50,buy,24.15,1470,294.0000000000042,vwap_exit,24.16,EMIRATES
2025-07-10 10:41:50,buy,24.15,467,93.40000000000133,vwap_exit,24.16,EMIRATES
2025-07-10 10:41:50,buy,24.15,1000,200.00000000000284,vwap_exit,24.16,EMIRATES
2025-07-10 10:41:50,buy,24.15,4,0.8000000000000114,vwap_exit,24.16,EMIRATES
2025-07-10 10:42:51,buy,24.15,1474,294.80000000000416,vwap_exit,24.16,EMIRATES
2025-07-10 10:43:51,buy,24.15,1470,294.0000000000042,vwap_exit,24.16,EMIRATES
2025-07-10 10:44:27,buy,24.15,3652,730.4000000000103,vwap_exit,24.16,EMIRATES
2025-07-10 10:44:27,buy,24.15,50,10.000000000000142,vwap_exit,24.16,EMIRATES
2025-07-10 10:44:51,buy,24.1,1297,324.25,vwap_exit,24.16,EMIRATES
2025-07-10 10:45:50,buy,24.1,1456,364.0,vwap_exit,24.16,EMIRATES
2025-07-10 10:46:51,buy,24.1,1471,367.75,vwap_exit,24.16,EMIRATES
2025-07-10 10:47:51,buy,24.1,1470,367.5,vwap_exit,24.16,EMIRATES
2025-07-10 10:48:24,buy,24.1,5539,1384.75,vwap_exit,24.16,EMIRATES
2025-07-11 14:55:00,sell,24.3,36523,0.0,auction_entry,24.160690856313494,EMIRATES
2025-07-14 10:00:00,buy,24.1,123,24.599999999999913,vwap_exit,24.16,EMIRATES
2025-07-14 10:00:00,buy,24.1,129,25.79999999999991,vwap_exit,24.16,EMIRATES
2025-07-14 10:00:00,buy,24.1,206,41.199999999999854,vwap_exit,24.16,EMIRATES
2025-07-14 10:00:00,buy,24.1,319,63.79999999999977,vwap_exit,24.16,EMIRATES
2025-07-14 10:00:00,buy,24.1,212,42.39999999999985,vwap_exit,24.16,EMIRATES
2025-07-14 10:00:00,buy,24.1,101,20.19999999999993,vwap_exit,24.16,EMIRATES
2025-07-14 10:00:00,buy,24.1,82,16.39999999999994,vwap_exit,24.16,EMIRATES
2025-07-14 10:00:00,buy,24.1,22,4.399999999999984,vwap_exit,24.16,EMIRATES
2025-07-14 10:00:00,buy,24.1,92,18.399999999999935,vwap_exit,24.16,EMIRATES
2025-07-14 10:00:00,buy,24.1,250,49.99999999999982,vwap_exit,24.16,EMIRATES
2025-07-14 10:00:00,buy,24.1,55,10.999999999999961,vwap_exit,24.16,EMIRATES
2025-07-14 10:00:00,buy,24.1,45,8.999999999999968,vwap_exit,24.16,EMIRATES
2025-07-14 10:00:00,buy,24.1,235,46.99999999999983,vwap_exit,24.16,EMIRATES
2025-07-14 10:00:00,buy,24.1,215,42.999999999999844,vwap_exit,24.16,EMIRATES
2025-07-14 10:00:00,buy,24.1,163,32.59999999999988,vwap_exit,24.16,EMIRATES
2025-07-14 10:00:00,buy,24.1,800,159.99999999999943,vwap_exit,24.16,EMIRATES
2025-07-14 10:00:00,buy,24.1,1000,199.9999999999993,vwap_exit,24.16,EMIRATES
2025-07-14 10:00:00,buy,24.1,1000,199.9999999999993,vwap_exit,24.16,EMIRATES
2025-07-14 10:00:00,buy,24.1,450,89.99999999999969,vwap_exit,24.16,EMIRATES
2025-07-14 10:00:00,buy,24.1,150,29.999999999999893,vwap_exit,24.16,EMIRATES
2025-07-14 10:00:00,buy,24.1,150,29.999999999999893,vwap_exit,24.16,EMIRATES
2025-07-14 10:00:01,buy,24.1,3850,769.9999999999973,vwap_exit,24.16,EMIRATES
2025-07-14 10:03:01,buy,24.1,591,118.19999999999958,vwap_exit,24.16,EMIRATES
2025-07-14 10:04:01,buy,24.1,523,104.59999999999962,vwap_exit,24.16,EMIRATES
2025-07-14 10:04:09,buy,24.15,416,62.40000000000089,vwap_exit,24.16,EMIRATES
2025-07-14 10:05:09,buy,24.15,415,62.25000000000088,vwap_exit,24.16,EMIRATES
2025-07-14 10:06:09,buy,24.15,429,64.35000000000092,vwap_exit,24.16,EMIRATES
2025-07-14 10:07:10,buy,24.15,473,70.95000000000101,vwap_exit,24.16,EMIRATES
2025-07-14 10:08:10,buy,24.15,474,71.10000000000102,vwap_exit,24.16,EMIRATES
2025-07-14 10:08:10,buy,24.15,31,4.650000000000066,vwap_exit,24.16,EMIRATES
2025-07-14 10:09:10,buy,24.15,512,76.80000000000109,vwap_exit,24.16,EMIRATES
2025-07-14 10:10:10,buy,24.15,512,76.80000000000109,vwap_exit,24.16,EMIRATES
2025-07-14 10:11:11,buy,24.15,499,74.85000000000106,vwap_exit,24.16,EMIRATES
2025-07-14 10:11:11,buy,24.15,37,5.550000000000079,vwap_exit,24.16,EMIRATES
2025-07-14 10:12:11,buy,24.15,512,76.80000000000109,vwap_exit,24.16,EMIRATES
2025-07-14 10:13:11,buy,24.15,451,67.65000000000096,vwap_exit,24.16,EMIRATES
2025-07-14 10:13:11,buy,24.15,62,9.300000000000132,vwap_exit,24.16,EMIRATES
2025-07-14 10:14:12,buy,24.15,503,75.45000000000107,vwap_exit,24.16,EMIRATES
2025-07-14 10:15:12,buy,24.15,512,76.80000000000109,vwap_exit,24.16,EMIRATES
2025-07-14 10:16:12,buy,24.15,513,76.9500000000011,vwap_exit,24.16,EMIRATES
2025-07-14 10:17:12,buy,24.15,119,17.850000000000254,vwap_exit,24.16,EMIRATES
2025-07-14 10:17:12,buy,24.15,91,13.650000000000194,vwap_exit,24.16,EMIRATES
2025-07-14 10:17:12,buy,24.15,300,45.00000000000064,vwap_exit,24.16,EMIRATES
2025-07-14 10:18:13,buy,24.15,497,74.55000000000106,vwap_exit,24.16,EMIRATES
2025-07-14 10:19:13,buy,24.1,408,81.59999999999971,vwap_exit,24.16,EMIRATES
2025-07-14 10:20:13,buy,24.15,652,97.80000000000139,vwap_exit,24.16,EMIRATES
2025-07-14 10:21:13,buy,24.15,478,71.70000000000101,vwap_exit,24.16,EMIRATES
2025-07-14 10:22:14,buy,24.15,539,80.85000000000115,vwap_exit,24.16,EMIRATES
2025-07-14 10:23:14,buy,24.15,490,73.50000000000105,vwap_exit,24.16,EMIRATES
2025-07-14 10:23:14,buy,24.15,21,3.1500000000000448,vwap_exit,24.16,EMIRATES
2025-07-14 10:24:14,buy,24.15,487,73.05000000000103,vwap_exit,24.16,EMIRATES
2025-07-14 10:25:14,buy,24.15,511,76.65000000000109,vwap_exit,24.16,EMIRATES
2025-07-14 10:26:15,buy,24.15,517,77.5500000000011,vwap_exit,24.16,EMIRATES
2025-07-14 10:27:15,buy,24.15,512,76.80000000000109,vwap_exit,24.16,EMIRATES
2025-07-14 10:30:30,buy,24.15,603,90.45000000000128,vwap_exit,24.16,EMIRATES
2025-07-14 10:46:55,buy,24.15,536,80.40000000000114,vwap_exit,24.16,EMIRATES
2025-07-14 10:47:55,buy,24.15,532,79.80000000000113,vwap_exit,24.16,EMIRATES
2025-07-14 10:48:55,buy,24.15,511,76.65000000000109,vwap_exit,24.16,EMIRATES
2025-07-14 10:49:55,buy,24.15,512,76.80000000000109,vwap_exit,24.16,EMIRATES
2025-07-14 10:50:56,buy,24.15,511,76.65000000000109,vwap_exit,24.16,EMIRATES
2025-07-14 10:51:56,buy,24.15,512,76.80000000000109,vwap_exit,24.16,EMIRATES
2025-07-14 10:52:56,buy,24.15,511,76.65000000000109,vwap_exit,24.16,EMIRATES
2025-07-14 10:53:04,buy,24.15,9559,1433.8500000000204,vwap_exit,24.16,EMIRATES
2025-07-15 14:55:00,sell,25.45,39524,0.0,auction_entry,25.300771757510926,EMIRATES
2025-07-16 13:07:44,buy,26.0,39524,-21738.20000000003,stop_loss,25.45,EMIRATES
2025-07-23 14:55:00,sell,26.5,38442,0.0,auction_entry,26.013116437019406,EMIRATES
2025-07-24 10:02:22,buy,26.0,1986,993.0,vwap_exit,26.02,EMIRATES
2025-07-24 10:02:22,buy,26.0,4100,2050.0,vwap_exit,26.02,EMIRATES
2025-07-24 10:02:22,buy,26.0,300,150.0,vwap_exit,26.02,EMIRATES
2025-07-24 10:02:22,buy,26.0,3,1.5,vwap_exit,26.02,EMIRATES
2025-07-24 10:02:22,buy,26.0,500,250.0,vwap_exit,26.02,EMIRATES
2025-07-24 10:02:22,buy,26.0,500,250.0,vwap_exit,26.02,EMIRATES
2025-07-24 10:02:22,buy,26.0,5000,2500.0,vwap_exit,26.02,EMIRATES
2025-07-24 10:02:31,buy,25.95,3183,1750.6500000000024,vwap_exit,26.02,EMIRATES
2025-07-24 10:02:37,buy,25.9,8270,4962.000000000012,vwap_exit,26.02,EMIRATES
2025-07-24 10:02:37,buy,25.9,3797,2278.2000000000053,vwap_exit,26.02,EMIRATES
2025-07-24 10:02:37,buy,25.9,5768,3460.8000000000084,vwap_exit,26.02,EMIRATES
2025-07-24 10:02:37,buy,25.9,5035,3021.0000000000073,vwap_exit,26.02,EMIRATES
2025-07-30 14:55:00,sell,27.05,37288,0.0,auction_entry,26.818380746827536,EMIRATES
2025-07-31 10:06:12,buy,26.8,66,16.5,vwap_exit,26.82,EMIRATES
2025-07-31 10:06:12,buy,26.8,10,2.5,vwap_exit,26.82,EMIRATES
2025-07-31 10:06:20,buy,26.8,241,60.25,vwap_exit,26.82,EMIRATES
2025-07-31 10:06:20,buy,26.8,68,17.0,vwap_exit,26.82,EMIRATES
2025-07-31 10:06:37,buy,26.75,100,30.00000000000007,vwap_exit,26.82,EMIRATES
2025-07-31 10:06:55,buy,26.8,1000,250.0,vwap_exit,26.82,EMIRATES
2025-07-31 10:06:55,buy,26.8,1000,250.0,vwap_exit,26.82,EMIRATES
2025-07-31 10:08:28,buy,26.8,476,119.0,vwap_exit,26.82,EMIRATES
2025-07-31 10:14:14,buy,26.8,460,115.0,vwap_exit,26.82,EMIRATES
2025-07-31 10:14:36,buy,26.8,64,16.0,vwap_exit,26.82,EMIRATES
2025-07-31 10:14:36,buy,26.8,36,9.0,vwap_exit,26.82,EMIRATES
2025-07-31 10:15:55,buy,26.8,100,25.0,vwap_exit,26.82,EMIRATES
2025-07-31 10:16:32,buy,26.8,87,21.75,vwap_exit,26.82,EMIRATES
2025-07-31 10:16:32,buy,26.8,82,20.5,vwap_exit,26.82,EMIRATES
2025-07-31 10:16:32,buy,26.8,31,7.75,vwap_exit,26.82,EMIRATES
2025-07-31 10:17:05,buy,26.8,100,25.0,vwap_exit,26.82,EMIRATES
2025-07-31 10:19:50,buy,26.8,475,118.75,vwap_exit,26.82,EMIRATES
2025-07-31 10:24:07,buy,26.8,190,47.5,vwap_exit,26.82,EMIRATES
2025-07-31 10:25:31,buy,26.8,41,10.25,vwap_exit,26.82,EMIRATES
2025-07-31 10:25:31,buy,26.8,99,24.75,vwap_exit,26.82,EMIRATES
2025-07-31 10:25:31,buy,26.8,335,83.75,vwap_exit,26.82,EMIRATES
2025-07-31 10:25:45,buy,26.8,100,25.0,vwap_exit,26.82,EMIRATES
2025-07-31 10:25:46,buy,26.8,100,25.0,vwap_exit,26.82,EMIRATES
2025-07-31 10:25:46,buy,26.8,100,25.0,vwap_exit,26.82,EMIRATES
2025-07-31 10:25:47,buy,26.8,77,19.25,vwap_exit,26.82,EMIRATES
2025-07-31 10:27:23,buy,26.8,23,5.75,vwap_exit,26.82,EMIRATES
2025-07-31 10:27:58,buy,26.75,100,30.00000000000007,vwap_exit,26.82,EMIRATES
2025-07-31 10:27:58,buy,26.75,100,30.00000000000007,vwap_exit,26.82,EMIRATES
2025-07-31 10:29:44,buy,26.8,100,25.0,vwap_exit,26.82,EMIRATES
2025-07-31 10:29:44,buy,26.8,100,25.0,vwap_exit,26.82,EMIRATES
2025-07-31 10:31:36,buy,26.8,375,93.75,vwap_exit,26.82,EMIRATES
2025-07-31 10:32:38,buy,26.8,309,77.25,vwap_exit,26.82,EMIRATES
2025-07-31 10:32:38,buy,26.8,428,107.0,vwap_exit,26.82,EMIRATES
2025-07-31 10:32:38,buy,26.8,392,98.0,vwap_exit,26.82,EMIRATES
2025-07-31 10:32:38,buy,26.8,210,52.5,vwap_exit,26.82,EMIRATES
2025-07-31 10:32:38,buy,26.8,215,53.75,vwap_exit,26.82,EMIRATES
2025-07-31 10:32:38,buy,26.8,120,30.0,vwap_exit,26.82,EMIRATES
2025-07-31 10:32:38,buy,26.8,3000,750.0,vwap_exit,26.82,EMIRATES
2025-07-31 10:32:38,buy,26.8,326,81.5,vwap_exit,26.82,EMIRATES
2025-07-31 10:33:01,buy,26.8,400,100.0,vwap_exit,26.82,EMIRATES
2025-07-31 10:33:18,buy,26.8,576,144.0,vwap_exit,26.82,EMIRATES
2025-07-31 10:33:18,buy,26.8,2024,506.0,vwap_exit,26.82,EMIRATES
2025-07-31 10:33:18,buy,26.8,80,20.0,vwap_exit,26.82,EMIRATES
2025-07-31 10:33:18,buy,26.8,2320,580.0,vwap_exit,26.82,EMIRATES
2025-07-31 10:33:20,buy,26.8,1530,382.5,vwap_exit,26.82,EMIRATES
2025-07-31 10:35:53,buy,26.8,1600,400.0,vwap_exit,26.82,EMIRATES
2025-07-31 10:35:53,buy,26.8,2000,500.0,vwap_exit,26.82,EMIRATES
2025-07-31 10:36:53,buy,26.8,475,118.75,vwap_exit,26.82,EMIRATES
2025-07-31 10:42:34,buy,26.8,475,118.75,vwap_exit,26.82,EMIRATES
2025-07-31 10:43:26,buy,26.8,1050,262.5,vwap_exit,26.82,EMIRATES
2025-07-31 10:43:26,buy,26.8,1184,296.0,vwap_exit,26.82,EMIRATES
2025-07-31 10:45:25,buy,26.8,628,157.0,vwap_exit,26.82,EMIRATES
2025-07-31 10:45:25,buy,26.8,1754,438.5,vwap_exit,26.82,EMIRATES
2025-07-31 10:47:37,buy,26.8,246,61.5,vwap_exit,26.82,EMIRATES
2025-07-31 10:47:37,buy,26.8,418,104.5,vwap_exit,26.82,EMIRATES
2025-07-31 10:47:37,buy,26.8,1591,397.75,vwap_exit,26.82,EMIRATES
2025-07-31 10:47:37,buy,26.8,10,2.5,vwap_exit,26.82,EMIRATES
2025-07-31 10:47:37,buy,26.8,1524,381.0,vwap_exit,26.82,EMIRATES
2025-07-31 10:47:38,buy,26.8,1211,302.75,vwap_exit,26.82,EMIRATES
2025-07-31 10:47:44,buy,26.8,392,98.0,vwap_exit,26.82,EMIRATES
2025-07-31 10:47:44,buy,26.8,326,81.5,vwap_exit,26.82,EMIRATES
2025-07-31 10:47:44,buy,26.8,215,53.75,vwap_exit,26.82,EMIRATES
2025-07-31 10:47:44,buy,26.8,210,52.5,vwap_exit,26.82,EMIRATES
2025-07-31 10:47:44,buy,26.8,120,30.0,vwap_exit,26.82,EMIRATES
2025-07-31 10:47:45,buy,26.8,309,77.25,vwap_exit,26.82,EMIRATES
2025-07-31 10:47:45,buy,26.8,428,107.0,vwap_exit,26.82,EMIRATES
2025-07-31 10:47:46,buy,26.8,976,244.0,vwap_exit,26.82,EMIRATES
2025-07-31 10:47:46,buy,26.8,1024,256.0,vwap_exit,26.82,EMIRATES
2025-07-31 10:47:46,buy,26.8,956,239.0,vwap_exit,26.82,EMIRATES
2025-08-19 14:55:00,sell,26.3,38265,0.0,auction_entry,26.13385418790375,EMIRATES
2025-08-20 10:07:50,buy,26.05,334,83.5,vwap_exit,26.14,EMIRATES
2025-08-20 10:07:50,buy,26.05,185,46.25,vwap_exit,26.14,EMIRATES
2025-08-20 10:15:44,buy,26.1,199,39.799999999999855,vwap_exit,26.14,EMIRATES
2025-08-20 10:15:44,buy,26.1,88,17.599999999999937,vwap_exit,26.14,EMIRATES
2025-08-20 10:17:35,buy,26.1,1247,249.39999999999912,vwap_exit,26.14,EMIRATES
2025-08-20 10:17:35,buy,26.1,119,23.799999999999915,vwap_exit,26.14,EMIRATES
2025-08-20 10:17:42,buy,26.1,8,1.5999999999999943,vwap_exit,26.14,EMIRATES
2025-08-20 10:21:36,buy,26.05,100,25.0,vwap_exit,26.14,EMIRATES
2025-08-20 10:22:25,buy,26.05,507,126.75,vwap_exit,26.14,EMIRATES
2025-08-20 10:23:57,buy,26.1,1250,249.99999999999912,vwap_exit,26.14,EMIRATES
2025-08-20 10:24:02,buy,26.05,100,25.0,vwap_exit,26.14,EMIRATES
2025-08-20 10:24:09,buy,26.1,32,6.399999999999977,vwap_exit,26.14,EMIRATES
2025-08-20 10:24:29,buy,26.1,132,26.399999999999906,vwap_exit,26.14,EMIRATES
2025-08-20 10:24:29,buy,26.1,355,70.99999999999974,vwap_exit,26.14,EMIRATES
2025-08-20 11:03:20,buy,26.1,100,19.99999999999993,vwap_exit,26.14,EMIRATES
2025-08-20 11:07:08,buy,26.1,22,4.399999999999984,vwap_exit,26.14,EMIRATES
2025-08-20 13:05:35,buy,26.1,263,52.59999999999981,vwap_exit,26.14,EMIRATES
2025-08-20 13:05:35,buy,26.1,255,50.999999999999815,vwap_exit,26.14,EMIRATES
2025-08-20 13:05:50,buy,26.1,564,112.7999999999996,vwap_exit,26.14,EMIRATES
2025-08-20 13:05:50,buy,26.1,732,146.39999999999947,vwap_exit,26.14,EMIRATES
2025-08-20 13:09:54,buy,26.1,3800,759.9999999999973,vwap_exit,26.14,EMIRATES
2025-08-20 13:10:17,buy,26.1,185,36.99999999999987,vwap_exit,26.14,EMIRATES
2025-08-20 13:12:32,buy,26.1,93,18.599999999999934,vwap_exit,26.14,EMIRATES
2025-08-20 13:13:06,buy,26.1,3800,759.9999999999973,vwap_exit,26.14,EMIRATES
2025-08-20 13:13:11,buy,26.1,1295,258.9999999999991,vwap_exit,26.14,EMIRATES
2025-08-20 13:13:12,buy,26.1,1120,223.9999999999992,vwap_exit,26.14,EMIRATES
2025-08-20 13:13:29,buy,26.1,518,103.59999999999962,vwap_exit,26.14,EMIRATES
2025-08-20 13:14:14,buy,26.1,608,121.59999999999957,vwap_exit,26.14,EMIRATES
2025-08-20 13:15:00,buy,26.1,1304,260.79999999999905,vwap_exit,26.14,EMIRATES
2025-08-20 13:16:39,buy,26.1,545,108.99999999999962,vwap_exit,26.14,EMIRATES
2025-08-20 13:16:39,buy,26.1,794,158.79999999999944,vwap_exit,26.14,EMIRATES
2025-08-20 13:18:17,buy,26.1,129,25.79999999999991,vwap_exit,26.14,EMIRATES
2025-08-20 13:21:23,buy,26.1,518,103.59999999999962,vwap_exit,26.14,EMIRATES
2025-08-20 13:23:47,buy,26.1,230,45.99999999999984,vwap_exit,26.14,EMIRATES
2025-08-20 13:24:49,buy,26.1,608,121.59999999999957,vwap_exit,26.14,EMIRATES
2025-08-20 13:25:01,buy,26.1,281,56.199999999999804,vwap_exit,26.14,EMIRATES
2025-08-20 13:25:01,buy,26.1,1489,297.79999999999893,vwap_exit,26.14,EMIRATES
2025-08-20 13:25:01,buy,26.1,1486,297.19999999999897,vwap_exit,26.14,EMIRATES
2025-08-20 13:25:01,buy,26.1,192,38.399999999999864,vwap_exit,26.14,EMIRATES
2025-08-20 13:25:01,buy,26.1,352,70.39999999999975,vwap_exit,26.14,EMIRATES
2025-08-20 13:26:58,buy,26.1,355,70.99999999999974,vwap_exit,26.14,EMIRATES
2025-08-20 13:29:17,buy,26.1,518,103.59999999999962,vwap_exit,26.14,EMIRATES
2025-08-20 13:29:18,buy,26.1,972,194.3999999999993,vwap_exit,26.14,EMIRATES
2025-08-20 13:29:36,buy,26.1,489,97.79999999999966,vwap_exit,26.14,EMIRATES
2025-08-20 13:29:36,buy,26.1,449,89.79999999999968,vwap_exit,26.14,EMIRATES
2025-08-20 13:29:36,buy,26.1,167,33.39999999999988,vwap_exit,26.14,EMIRATES
2025-08-20 13:29:36,buy,26.1,40,7.999999999999972,vwap_exit,26.14,EMIRATES
2025-08-20 13:29:36,buy,26.1,115,22.99999999999992,vwap_exit,26.14,EMIRATES
2025-08-20 13:29:36,buy,26.1,40,7.999999999999972,vwap_exit,26.14,EMIRATES
2025-08-20 13:32:32,buy,26.1,125,24.99999999999991,vwap_exit,26.14,EMIRATES
2025-08-20 13:33:17,buy,26.1,233,46.59999999999984,vwap_exit,26.14,EMIRATES
2025-08-20 13:34:12,buy,26.1,114,22.79999999999992,vwap_exit,26.14,EMIRATES
2025-08-20 13:35:24,buy,26.1,528,105.59999999999962,vwap_exit,26.14,EMIRATES
2025-08-20 13:35:24,buy,26.1,80,15.999999999999943,vwap_exit,26.14,EMIRATES
2025-08-20 13:36:10,buy,26.1,197,39.399999999999864,vwap_exit,26.14,EMIRATES
2025-08-20 13:37:11,buy,26.1,518,103.59999999999962,vwap_exit,26.14,EMIRATES
2025-08-20 13:39:15,buy,26.1,694,138.7999999999995,vwap_exit,26.14,EMIRATES
2025-08-20 13:39:15,buy,26.1,1489,297.79999999999893,vwap_exit,26.14,EMIRATES
2025-08-20 13:39:15,buy,26.1,41,8.19999999999997,vwap_exit,26.14,EMIRATES
2025-08-20 13:39:15,buy,26.1,389,77.79999999999973,vwap_exit,26.14,EMIRATES
2025-08-20 13:39:15,buy,26.1,41,8.19999999999997,vwap_exit,26.14,EMIRATES
2025-08-20 13:39:15,buy,26.1,1146,229.1999999999992,vwap_exit,26.14,EMIRATES
2025-08-20 13:40:47,buy,26.1,178,35.59999999999987,vwap_exit,26.14,EMIRATES
2025-08-20 13:42:58,buy,26.1,165,32.999999999999886,vwap_exit,26.14,EMIRATES
2025-08-20 13:42:58,buy,26.1,73,14.599999999999948,vwap_exit,26.14,EMIRATES
2025-08-20 13:43:03,buy,26.1,27,5.399999999999981,vwap_exit,26.14,EMIRATES
2025-08-20 13:43:03,buy,26.1,1189,237.79999999999916,vwap_exit,26.14,EMIRATES
2025-08-20 13:43:26,buy,26.1,300,59.99999999999979,vwap_exit,26.14,EMIRATES
2025-08-20 13:43:26,buy,26.1,35,6.999999999999975,vwap_exit,26.14,EMIRATES
2025-08-20 13:43:26,buy,26.05,962,240.5,vwap_exit,26.14,EMIRATES
2025-08-20 13:43:34,buy,26.1,657,131.39999999999952,vwap_exit,26.14,EMIRATES
2025-08-21 14:55:00,sell,26.2,25525,0.0,auction_entry,26.000514095134967,EMIRATES
2025-08-22 14:30:53,buy,26.0,1380,275.99999999999903,vwap_exit,26.0,EMIRATES
2025-08-22 14:30:53,buy,26.0,1215,242.99999999999915,vwap_exit,26.0,EMIRATES
2025-08-22 14:30:53,buy,26.0,1225,244.99999999999912,vwap_exit,26.0,EMIRATES
2025-08-22 14:30:53,buy,26.0,1491,298.19999999999897,vwap_exit,26.0,EMIRATES
2025-08-22 14:30:53,buy,26.0,2300,459.99999999999835,vwap_exit,26.0,EMIRATES
2025-08-22 14:30:53,buy,26.0,86,17.19999999999994,vwap_exit,26.0,EMIRATES
2025-08-22 14:30:53,buy,26.0,961,192.1999999999993,vwap_exit,26.0,EMIRATES
2025-08-22 14:30:53,buy,26.0,100,19.99999999999993,vwap_exit,26.0,EMIRATES
2025-08-22 14:30:53,buy,26.0,1242,248.39999999999912,vwap_exit,26.0,EMIRATES
2025-08-22 14:31:13,buy,26.0,111,22.19999999999992,vwap_exit,26.0,EMIRATES
2025-08-22 14:31:13,buy,26.0,1494,298.79999999999893,vwap_exit,26.0,EMIRATES
2025-08-22 14:31:13,buy,26.0,2854,570.799999999998,vwap_exit,26.0,EMIRATES
2025-08-22 14:31:13,buy,26.0,541,108.19999999999962,vwap_exit,26.0,EMIRATES
2025-08-22 14:31:25,buy,26.0,953,190.5999999999993,vwap_exit,26.0,EMIRATES
2025-08-22 14:31:25,buy,26.0,439,87.79999999999968,vwap_exit,26.0,EMIRATES
2025-08-22 14:31:43,buy,26.0,96,19.199999999999932,vwap_exit,26.0,EMIRATES
2025-08-22 14:32:25,buy,26.0,2000,399.9999999999986,vwap_exit,26.0,EMIRATES
2025-08-22 14:33:03,buy,26.0,794,158.79999999999944,vwap_exit,26.0,EMIRATES
2025-08-22 14:33:03,buy,26.0,329,65.79999999999977,vwap_exit,26.0,EMIRATES
2025-08-22 14:33:48,buy,26.0,346,69.19999999999976,vwap_exit,26.0,EMIRATES
2025-08-22 14:34:06,buy,26.0,1000,199.9999999999993,vwap_exit,26.0,EMIRATES
2025-08-22 14:34:10,buy,26.0,812,162.3999999999994,vwap_exit,26.0,EMIRATES
2025-08-22 14:36:58,buy,26.0,57,11.39999999999996,vwap_exit,26.0,EMIRATES
2025-08-22 14:37:12,buy,26.0,91,18.199999999999935,vwap_exit,26.0,EMIRATES
2025-08-22 14:40:50,buy,26.0,180,35.99999999999987,vwap_exit,26.0,EMIRATES
2025-08-22 14:41:29,buy,25.95,10,2.5,vwap_exit,26.0,EMIRATES
2025-08-22 14:41:29,buy,25.95,70,17.5,vwap_exit,26.0,EMIRATES
2025-08-22 14:41:29,buy,25.95,1,0.25,vwap_exit,26.0,EMIRATES
2025-08-22 14:41:29,buy,25.95,1379,344.75,vwap_exit,26.0,EMIRATES
2025-08-22 14:41:38,buy,26.0,178,35.59999999999987,vwap_exit,26.0,EMIRATES
2025-08-22 14:41:38,buy,26.0,288,57.599999999999795,vwap_exit,26.0,EMIRATES
2025-08-22 14:41:50,buy,26.0,278,55.5999999999998,vwap_exit,26.0,EMIRATES
2025-08-22 14:42:14,buy,25.95,115,28.75,vwap_exit,26.0,EMIRATES
2025-08-22 14:42:14,buy,25.95,1109,277.25,vwap_exit,26.0,EMIRATES
2025-08-29 14:55:00,buy,25.25,39249,0.0,auction_entry,25.478625600687263,EMIRATES
2025-09-01 13:24:47,sell,24.7,39249,-21586.950000000026,stop_loss,25.25,EMIRATES
2025-09-03 14:55:01,buy,24.65,40353,0.0,auction_entry,24.78148138358796,EMIRATES
2025-09-04 10:00:00,sell,25.0,17,5.950000000000024,vwap_exit,24.78,EMIRATES
2025-09-04 10:00:00,sell,25.0,203,71.0500000000003,vwap_exit,24.78,EMIRATES
2025-09-04 10:00:00,sell,25.0,25,8.750000000000036,vwap_exit,24.78,EMIRATES
2025-09-04 10:00:00,sell,25.0,50,17.50000000000007,vwap_exit,24.78,EMIRATES
2025-09-04 10:00:00,sell,25.0,2765,967.750000000004,vwap_exit,24.78,EMIRATES
2025-09-04 10:00:00,sell,25.0,1966,688.1000000000028,vwap_exit,24.78,EMIRATES
2025-09-04 10:00:00,sell,25.0,181,63.35000000000026,vwap_exit,24.78,EMIRATES
2025-09-04 10:00:00,sell,25.0,88,30.800000000000125,vwap_exit,24.78,EMIRATES
2025-09-04 10:00:00,sell,25.0,104,36.40000000000015,vwap_exit,24.78,EMIRATES
2025-09-04 10:00:00,sell,25.0,990,346.5000000000014,vwap_exit,24.78,EMIRATES
2025-09-04 10:00:00,sell,25.0,10,3.500000000000014,vwap_exit,24.78,EMIRATES
2025-09-04 10:00:00,sell,25.0,9,3.150000000000013,vwap_exit,24.78,EMIRATES
2025-09-04 10:04:11,sell,24.9,2455,613.75,vwap_exit,24.78,EMIRATES
2025-09-04 10:05:15,sell,24.8,2,0.30000000000000426,vwap_exit,24.78,EMIRATES
2025-09-04 10:05:15,sell,24.8,10,1.5000000000000213,vwap_exit,24.78,EMIRATES
2025-09-04 10:12:12,sell,24.8,121,18.150000000000258,vwap_exit,24.78,EMIRATES
2025-09-04 10:13:46,sell,24.8,70,10.50000000000015,vwap_exit,24.78,EMIRATES
2025-09-04 10:15:40,sell,24.8,210,31.500000000000448,vwap_exit,24.78,EMIRATES
2025-09-04 10:20:08,sell,24.8,314,47.10000000000067,vwap_exit,24.78,EMIRATES
2025-09-04 10:20:08,sell,24.8,1397,209.55000000000297,vwap_exit,24.78,EMIRATES
2025-09-04 10:20:08,sell,24.8,93,13.950000000000198,vwap_exit,24.78,EMIRATES
2025-09-04 10:20:08,sell,24.8,478,71.70000000000101,vwap_exit,24.78,EMIRATES
2025-09-04 10:20:08,sell,24.8,3063,459.4500000000065,vwap_exit,24.78,EMIRATES
2025-09-04 10:20:08,sell,24.8,2044,306.60000000000434,vwap_exit,24.78,EMIRATES
2025-09-04 10:20:08,sell,24.8,762,114.30000000000163,vwap_exit,24.78,EMIRATES
2025-09-04 10:20:12,sell,24.8,1849,277.35000000000394,vwap_exit,24.78,EMIRATES
2025-09-04 10:21:00,sell,24.8,486,72.90000000000103,vwap_exit,24.78,EMIRATES
2025-09-04 10:21:00,sell,24.8,463,69.45000000000098,vwap_exit,24.78,EMIRATES
2025-09-04 10:21:00,sell,24.8,3370,505.50000000000716,vwap_exit,24.78,EMIRATES
2025-09-04 10:21:00,sell,24.8,460,69.00000000000098,vwap_exit,24.78,EMIRATES
2025-09-04 10:21:00,sell,24.8,843,126.4500000000018,vwap_exit,24.78,EMIRATES
2025-09-04 10:21:01,sell,24.8,218,32.700000000000465,vwap_exit,24.78,EMIRATES
2025-09-04 10:21:14,sell,24.8,202,30.30000000000043,vwap_exit,24.78,EMIRATES
2025-09-04 10:34:37,sell,24.8,153,22.950000000000326,vwap_exit,24.78,EMIRATES
2025-09-04 10:35:40,sell,24.8,1185,177.75000000000253,vwap_exit,24.78,EMIRATES
2025-09-04 10:35:40,sell,24.8,1136,170.40000000000242,vwap_exit,24.78,EMIRATES
2025-09-04 10:35:40,sell,24.8,282,42.3000000000006,vwap_exit,24.78,EMIRATES
2025-09-04 10:35:40,sell,24.8,273,40.950000000000585,vwap_exit,24.78,EMIRATES
2025-09-04 10:35:40,sell,24.8,2185,327.75000000000466,vwap_exit,24.78,EMIRATES
2025-09-04 10:35:40,sell,24.8,315,47.25000000000067,vwap_exit,24.78,EMIRATES
2025-09-04 10:35:40,sell,24.8,312,46.800000000000665,vwap_exit,24.78,EMIRATES
2025-09-04 10:35:40,sell,24.8,1136,170.40000000000242,vwap_exit,24.78,EMIRATES
2025-09-04 10:35:40,sell,24.8,4542,681.3000000000097,vwap_exit,24.78,EMIRATES
2025-09-04 10:35:40,sell,24.8,431,64.65000000000092,vwap_exit,24.78,EMIRATES
2025-09-04 10:35:40,sell,24.8,806,120.90000000000171,vwap_exit,24.78,EMIRATES
2025-09-04 10:35:52,sell,24.85,898,179.60000000000255,vwap_exit,24.78,EMIRATES
2025-09-04 10:35:52,sell,24.85,1381,276.2000000000039,vwap_exit,24.78,EMIRATES
2025-09-08 14:55:00,buy,24.25,39881,0.0,auction_entry,24.402410543213687,EMIRATES
2025-09-09 10:02:47,sell,24.45,1602,320.39999999999884,vwap_exit,24.400000000000002,EMIRATES
2025-09-09 10:02:47,sell,24.45,100,19.99999999999993,vwap_exit,24.400000000000002,EMIRATES
2025-09-09 10:08:07,sell,24.45,100,19.99999999999993,vwap_exit,24.400000000000002,EMIRATES
2025-09-09 10:18:12,sell,24.45,100,19.99999999999993,vwap_exit,24.400000000000002,EMIRATES
2025-09-09 10:21:07,sell,24.45,250,49.99999999999982,vwap_exit,24.400000000000002,EMIRATES
2025-09-09 10:40:28,sell,24.45,100,19.99999999999993,vwap_exit,24.400000000000002,EMIRATES
2025-09-09 10:40:28,sell,24.45,400,79.99999999999972,vwap_exit,24.400000000000002,EMIRATES
2025-09-09 10:41:51,sell,24.45,425,84.9999999999997,vwap_exit,24.400000000000002,EMIRATES
2025-09-09 10:48:24,sell,24.45,255,50.999999999999815,vwap_exit,24.400000000000002,EMIRATES
2025-09-09 10:48:33,sell,24.45,71,14.19999999999995,vwap_exit,24.400000000000002,EMIRATES
2025-09-09 10:48:43,sell,24.45,443,88.59999999999968,vwap_exit,24.400000000000002,EMIRATES
2025-09-09 10:48:43,sell,24.45,280,55.9999999999998,vwap_exit,24.400000000000002,EMIRATES
2025-09-09 10:48:44,sell,24.45,154,30.79999999999989,vwap_exit,24.400000000000002,EMIRATES
2025-09-09 10:48:44,sell,24.45,5000,999.9999999999965,vwap_exit,24.400000000000002,EMIRATES
2025-09-09 10:48:44,sell,24.45,1474,294.79999999999893,vwap_exit,24.400000000000002,EMIRATES
2025-09-09 10:48:44,sell,24.45,3638,727.5999999999974,vwap_exit,24.400000000000002,EMIRATES
2025-09-09 10:48:44,sell,24.45,220,43.999999999999844,vwap_exit,24.400000000000002,EMIRATES
2025-09-09 10:48:44,sell,24.45,1142,228.39999999999918,vwap_exit,24.400000000000002,EMIRATES
2025-09-09 10:48:44,sell,24.45,1021,204.19999999999928,vwap_exit,24.400000000000002,EMIRATES
2025-09-09 10:48:44,sell,24.45,596,119.19999999999958,vwap_exit,24.400000000000002,EMIRATES
2025-09-09 10:48:44,sell,24.45,146,29.199999999999896,vwap_exit,24.400000000000002,EMIRATES
2025-09-09 10:48:46,sell,24.45,2500,499.99999999999824,vwap_exit,24.400000000000002,EMIRATES
2025-09-09 10:48:46,sell,24.45,1165,232.99999999999918,vwap_exit,24.400000000000002,EMIRATES
2025-09-09 10:48:46,sell,24.45,1231,246.19999999999914,vwap_exit,24.400000000000002,EMIRATES
2025-09-09 10:48:48,sell,24.45,150,29.999999999999893,vwap_exit,24.400000000000002,EMIRATES
2025-09-09 10:48:49,sell,24.45,152,30.399999999999892,vwap_exit,24.400000000000002,EMIRATES
2025-09-09 10:48:49,sell,24.45,141,28.1999999999999,vwap_exit,24.400000000000002,EMIRATES
2025-09-09 10:48:49,sell,24.45,917,183.39999999999935,vwap_exit,24.400000000000002,EMIRATES
2025-09-09 10:48:49,sell,24.45,139,27.7999999999999,vwap_exit,24.400000000000002,EMIRATES
2025-09-09 10:48:49,sell,24.45,677,135.39999999999952,vwap_exit,24.400000000000002,EMIRATES
2025-09-09 10:48:49,sell,24.45,217,43.39999999999985,vwap_exit,24.400000000000002,EMIRATES
2025-09-09 10:48:49,sell,24.45,143,28.5999999999999,vwap_exit,24.400000000000002,EMIRATES
2025-09-09 10:48:49,sell,24.45,143,28.5999999999999,vwap_exit,24.400000000000002,EMIRATES
2025-09-09 10:49:20,sell,24.5,1,0.25,vwap_exit,24.400000000000002,EMIRATES
2025-09-09 10:49:33,sell,24.5,499,124.75,vwap_exit,24.400000000000002,EMIRATES
2025-09-09 10:49:33,sell,24.5,69,17.25,vwap_exit,24.400000000000002,EMIRATES
2025-09-09 10:49:39,sell,24.55,1,0.3000000000000007,vwap_exit,24.400000000000002,EMIRATES
2025-09-09 10:49:39,sell,24.55,1425,427.500000000001,vwap_exit,24.400000000000002,EMIRATES
2025-09-09 10:49:43,sell,24.6,1,0.3500000000000014,vwap_exit,24.400000000000002,EMIRATES
2025-09-09 10:49:45,sell,24.55,1248,374.4000000000009,vwap_exit,24.400000000000002,EMIRATES
2025-09-09 10:49:45,sell,24.55,155,46.500000000000114,vwap_exit,24.400000000000002,EMIRATES
2025-09-09 10:49:45,sell,24.55,879,263.7000000000006,vwap_exit,24.400000000000002,EMIRATES
2025-09-09 10:49:45,sell,24.55,1582,474.6000000000011,vwap_exit,24.400000000000002,EMIRATES
2025-09-09 10:49:45,sell,24.55,156,46.80000000000011,vwap_exit,24.400000000000002,EMIRATES
2025-09-09 10:49:45,sell,24.55,230,69.00000000000017,vwap_exit,24.400000000000002,EMIRATES
2025-09-09 10:49:45,sell,24.55,560,168.0000000000004,vwap_exit,24.400000000000002,EMIRATES
2025-09-09 10:49:45,sell,24.55,831,249.30000000000058,vwap_exit,24.400000000000002,EMIRATES
2025-09-09 10:49:45,sell,24.55,303,90.90000000000022,vwap_exit,24.400000000000002,EMIRATES
2025-09-09 10:49:45,sell,24.55,947,284.10000000000065,vwap_exit,24.400000000000002,EMIRATES
2025-09-09 10:49:45,sell,24.55,499,149.70000000000036,vwap_exit,24.400000000000002,EMIRATES
2025-09-09 10:49:45,sell,24.55,1016,304.80000000000075,vwap_exit,24.400000000000002,EMIRATES
2025-09-09 10:49:52,sell,24.55,100,30.00000000000007,vwap_exit,24.400000000000002,EMIRATES
2025-09-09 10:49:52,sell,24.5,32,8.0,vwap_exit,24.400000000000002,EMIRATES
2025-09-09 10:50:03,sell,24.5,140,35.0,vwap_exit,24.400000000000002,EMIRATES
2025-09-09 10:50:03,sell,24.5,213,53.25,vwap_exit,24.400000000000002,EMIRATES
2025-09-09 10:50:03,sell,24.5,100,25.0,vwap_exit,24.400000000000002,EMIRATES
2025-09-09 10:50:03,sell,24.5,139,34.75,vwap_exit,24.400000000000002,EMIRATES
2025-09-09 10:50:03,sell,24.5,154,38.5,vwap_exit,24.400000000000002,EMIRATES
2025-09-09 10:50:03,sell,24.5,152,38.0,vwap_exit,24.400000000000002,EMIRATES
2025-09-09 10:50:42,sell,24.5,219,54.75,vwap_exit,24.400000000000002,EMIRATES
2025-09-09 10:53:37,sell,24.5,1883,470.75,vwap_exit,24.400000000000002,EMIRATES
2025-09-09 10:53:42,sell,24.5,372,93.0,vwap_exit,24.400000000000002,EMIRATES
2025-09-09 10:53:42,sell,24.5,153,38.25,vwap_exit,24.400000000000002,EMIRATES
2025-09-09 10:53:42,sell,24.5,725,181.25,vwap_exit,24.400000000000002,EMIRATES
2025-09-09 10:53:45,sell,24.55,5,1.5000000000000036,vwap_exit,24.400000000000002,EMIRATES
2025-09-19 14:55:00,buy,25.8,38346,0.0,auction_entry,26.078487510584264,EMIRATES
2025-09-22 14:55:00,sell,25.4,38346,-15338.400000000081,eod_flatten,26.080000000000002,EMIRATES
2025-09-23 14:55:00,buy,24.8,37652,0.0,auction_entry,24.94203211432083,EMIRATES
2025-09-24 10:13:25,sell,24.3,37652,-18826.0,stop_loss,24.8,EMIRATES
2025-09-25 14:55:01,buy,24.15,41134,0.0,auction_entry,24.310607896140535,EMIRATES
2025-09-26 10:00:01,sell,24.35,3,0.6000000000000085,vwap_exit,24.32,EMIRATES
2025-09-26 10:00:01,sell,24.35,417,83.40000000000119,vwap_exit,24.32,EMIRATES
2025-09-26 10:16:35,sell,24.35,250,50.00000000000071,vwap_exit,24.32,EMIRATES
2025-09-26 10:16:37,sell,24.5,100,35.00000000000014,vwap_exit,24.32,EMIRATES
2025-09-26 10:16:51,sell,24.6,100,45.000000000000284,vwap_exit,24.32,EMIRATES
2025-09-26 10:17:53,sell,24.5,441,154.35000000000062,vwap_exit,24.32,EMIRATES
2025-09-26 10:17:53,sell,24.5,809,283.15000000000117,vwap_exit,24.32,EMIRATES
2025-09-26 10:17:53,sell,24.55,100,40.00000000000021,vwap_exit,24.32,EMIRATES
2025-09-26 10:19:10,sell,24.45,100,30.00000000000007,vwap_exit,24.32,EMIRATES
2025-09-26 10:20:12,sell,24.45,1900,570.0000000000014,vwap_exit,24.32,EMIRATES
2025-09-26 10:20:16,sell,24.6,100,45.000000000000284,vwap_exit,24.32,EMIRATES
2025-09-26 10:20:28,sell,24.55,100,40.00000000000021,vwap_exit,24.32,EMIRATES
2025-09-26 10:21:09,sell,24.5,634,221.9000000000009,vwap_exit,24.32,EMIRATES
2025-09-26 10:21:10,sell,24.5,116,40.600000000000165,vwap_exit,24.32,EMIRATES
2025-09-26 10:21:10,sell,24.5,483,169.0500000000007,vwap_exit,24.32,EMIRATES
2025-09-26 10:23:18,sell,24.5,80,28.000000000000114,vwap_exit,24.32,EMIRATES
2025-09-26 10:26:56,sell,24.4,896,224.0,vwap_exit,24.32,EMIRATES
2025-09-26 10:26:56,sell,24.4,354,88.5,vwap_exit,24.32,EMIRATES
2025-09-26 10:26:56,sell,24.4,506,126.5,vwap_exit,24.32,EMIRATES
2025-09-26 10:26:56,sell,24.4,113,28.25,vwap_exit,24.32,EMIRATES
2025-09-26 10:26:56,sell,24.4,192,48.0,vwap_exit,24.32,EMIRATES
2025-09-26 10:26:56,sell,24.4,183,45.75,vwap_exit,24.32,EMIRATES
2025-09-26 10:26:56,sell,24.4,74,18.5,vwap_exit,24.32,EMIRATES
2025-09-26 10:26:56,sell,24.4,79,19.75,vwap_exit,24.32,EMIRATES
2025-09-26 10:26:56,sell,24.4,212,53.0,vwap_exit,24.32,EMIRATES
2025-09-26 10:26:56,sell,24.4,3686,921.5,vwap_exit,24.32,EMIRATES
2025-09-26 10:26:56,sell,24.4,191,47.75,vwap_exit,24.32,EMIRATES
2025-09-26 10:26:56,sell,24.4,649,162.25,vwap_exit,24.32,EMIRATES
2025-09-26 10:26:56,sell,24.45,100,30.00000000000007,vwap_exit,24.32,EMIRATES
2025-09-26 10:27:13,sell,24.4,4189,1047.25,vwap_exit,24.32,EMIRATES
2025-09-26 10:27:13,sell,24.4,811,202.75,vwap_exit,24.32,EMIRATES
2025-09-26 10:27:20,sell,24.45,1579,473.7000000000011,vwap_exit,24.32,EMIRATES
2025-09-26 10:27:26,sell,24.6,100,45.000000000000284,vwap_exit,24.32,EMIRATES
2025-09-26 10:27:31,sell,24.55,100,40.00000000000021,vwap_exit,24.32,EMIRATES
2025-09-26 10:30:45,sell,24.55,7451,2980.400000000016,vwap_exit,24.32,EMIRATES
2025-09-26 10:30:49,sell,24.55,1250,500.0000000000027,vwap_exit,24.32,EMIRATES
2025-09-26 10:30:50,sell,24.55,1250,500.0000000000027,vwap_exit,24.32,EMIRATES
2025-09-26 10:30:54,sell,24.55,49,19.600000000000104,vwap_exit,24.32,EMIRATES
2025-09-26 10:30:54,sell,24.55,1201,480.40000000000254,vwap_exit,24.32,EMIRATES
2025-09-26 10:33:09,sell,24.75,665,399.00000000000097,vwap_exit,24.32,EMIRATES
2025-09-26 10:33:09,sell,24.75,1141,684.6000000000016,vwap_exit,24.32,EMIRATES
2025-09-26 10:33:09,sell,24.6,1236,556.2000000000035,vwap_exit,24.32,EMIRATES
2025-09-26 10:33:09,sell,24.7,1000,550.0000000000007,vwap_exit,24.32,EMIRATES
2025-09-26 10:33:09,sell,24.6,1623,730.3500000000046,vwap_exit,24.32,EMIRATES
2025-09-26 10:33:25,sell,24.65,100,50.0,vwap_exit,24.32,EMIRATES
2025-09-26 10:33:30,sell,24.6,100,45.000000000000284,vwap_exit,24.32,EMIRATES
2025-09-26 10:33:55,sell,24.75,100,60.00000000000014,vwap_exit,24.32,EMIRATES
2025-09-26 10:34:57,sell,24.75,200,120.00000000000028,vwap_exit,24.32,EMIRATES
2025-09-26 10:36:19,sell,24.75,245,147.00000000000034,vwap_exit,24.32,EMIRATES
2025-09-26 10:36:34,sell,24.75,3649,2189.400000000005,vwap_exit,24.32,EMIRATES
2025-09-26 10:36:34,sell,24.75,127,76.20000000000019,vwap_exit,24.32,EMIRATES
2025-10-01 14:55:00,sell,25.0,23949,0.0,auction_entry,24.70298135185959,EMIRATES
2025-10-02 12:36:07,buy,24.7,1000,300.0000000000007,vwap_exit,24.7,EMIRATES
2025-10-02 12:36:07,buy,24.7,4000,1200.0000000000027,vwap_exit,24.7,EMIRATES
2025-10-02 12:36:14,buy,24.7,1000,300.0000000000007,vwap_exit,24.7,EMIRATES
2025-10-02 12:36:14,buy,24.7,1000,300.0000000000007,vwap_exit,24.7,EMIRATES
2025-10-02 12:36:14,buy,24.7,1000,300.0000000000007,vwap_exit,24.7,EMIRATES
2025-10-02 12:36:14,buy,24.7,1000,300.0000000000007,vwap_exit,24.7,EMIRATES
2025-10-02 12:36:15,buy,24.7,1000,300.0000000000007,vwap_exit,24.7,EMIRATES
2025-10-02 12:36:15,buy,24.7,1000,300.0000000000007,vwap_exit,24.7,EMIRATES
2025-10-02 12:36:16,buy,24.7,73,21.900000000000052,vwap_exit,24.7,EMIRATES
2025-10-02 12:36:16,buy,24.7,250,75.00000000000017,vwap_exit,24.7,EMIRATES
2025-10-02 12:36:16,buy,24.7,200,60.00000000000014,vwap_exit,24.7,EMIRATES
2025-10-02 12:36:20,buy,24.7,5000,1500.0000000000036,vwap_exit,24.7,EMIRATES
2025-10-02 12:36:21,buy,24.7,4980,1494.0000000000036,vwap_exit,24.7,EMIRATES
2025-10-02 12:36:21,buy,24.7,1766,529.8000000000012,vwap_exit,24.7,EMIRATES
2025-10-02 12:36:21,buy,24.7,680,204.00000000000048,vwap_exit,24.7,EMIRATES
2025-10-02 14:55:00,buy,24.65,40256,0.0,auction_entry,24.841205140260154,EMIRATES
2025-10-03 14:55:00,sell,24.6,40256,-2012.7999999998856,eod_flatten,24.84,EMIRATES
2025-10-06 14:55:00,buy,24.75,24365,0.0,auction_entry,24.980070329740116,EMIRATES
2025-10-07 13:24:34,sell,25.0,100,25.0,vwap_exit,24.98,EMIRATES
2025-10-07 13:24:34,sell,25.0,100,25.0,vwap_exit,24.98,EMIRATES
2025-10-07 13:24:34,sell,25.0,100,25.0,vwap_exit,24.98,EMIRATES
2025-10-07 13:24:37,sell,25.0,100,25.0,vwap_exit,24.98,EMIRATES
2025-10-07 13:24:37,sell,25.0,31,7.75,vwap_exit,24.98,EMIRATES
2025-10-07 13:24:37,sell,25.0,69,17.25,vwap_exit,24.98,EMIRATES
2025-10-07 13:24:37,sell,25.0,100,25.0,vwap_exit,24.98,EMIRATES
2025-10-07 13:24:37,sell,25.0,23,5.75,vwap_exit,24.98,EMIRATES
2025-10-07 13:24:37,sell,25.0,77,19.25,vwap_exit,24.98,EMIRATES
2025-10-07 13:25:20,sell,25.0,253,63.25,vwap_exit,24.98,EMIRATES
2025-10-07 13:25:46,sell,25.0,728,182.0,vwap_exit,24.98,EMIRATES
2025-10-07 13:25:46,sell,25.0,1656,414.0,vwap_exit,24.98,EMIRATES
2025-10-07 13:25:46,sell,25.0,6000,1500.0,vwap_exit,24.98,EMIRATES
2025-10-07 13:25:46,sell,25.0,6718,1679.5,vwap_exit,24.98,EMIRATES
2025-10-07 13:25:46,sell,25.0,416,104.0,vwap_exit,24.98,EMIRATES
2025-10-07 13:25:53,sell,25.05,100,30.00000000000007,vwap_exit,24.98,EMIRATES
2025-10-07 13:25:57,sell,25.0,1100,275.0,vwap_exit,24.98,EMIRATES
2025-10-07 13:25:57,sell,25.0,333,83.25,vwap_exit,24.98,EMIRATES
2025-10-07 13:25:57,sell,25.0,321,80.25,vwap_exit,24.98,EMIRATES
2025-10-07 13:25:57,sell,25.0,2772,693.0,vwap_exit,24.98,EMIRATES
2025-10-07 13:25:57,sell,25.0,3268,817.0,vwap_exit,24.98,EMIRATES
2025-10-07 14:55:00,sell,25.4,39809,0.0,auction_entry,25.120180983129465,EMIRATES
2025-10-08 14:21:09,buy,25.95,39809,-21894.95000000003,stop_loss,25.4,EMIRATES
2025-10-09 14:55:00,sell,25.25,32848,0.0,auction_entry,25.079421217802626,EMIRATES
2025-10-10 12:53:54,buy,25.05,200,39.99999999999986,vwap_exit,25.080000000000002,EMIRATES
2025-10-10 14:55:00,buy,25.2,32648,1632.4000000000233,eod_flatten,25.080000000000002,EMIRATES
2025-10-13 14:55:00,buy,24.75,29904,0.0,auction_entry,24.883804416140887,EMIRATES
2025-10-14 10:00:00,sell,25.4,66,42.899999999999906,vwap_exit,24.88,EMIRATES
2025-10-14 10:00:00,sell,25.4,67,43.549999999999905,vwap_exit,24.88,EMIRATES
2025-10-14 10:00:00,sell,25.4,202,131.29999999999973,vwap_exit,24.88,EMIRATES
2025-10-14 10:00:00,sell,25.4,145,94.2499999999998,vwap_exit,24.88,EMIRATES
2025-10-14 10:00:00,sell,25.4,18,11.699999999999974,vwap_exit,24.88,EMIRATES
2025-10-14 10:00:00,sell,25.4,349,226.8499999999995,vwap_exit,24.88,EMIRATES
2025-10-14 10:00:00,sell,25.4,44,28.599999999999937,vwap_exit,24.88,EMIRATES
2025-10-14 10:00:00,sell,25.4,651,423.14999999999907,vwap_exit,24.88,EMIRATES
2025-10-14 10:00:00,sell,25.4,2216,1440.399999999997,vwap_exit,24.88,EMIRATES
2025-10-14 10:00:00,sell,25.4,76,49.39999999999989,vwap_exit,24.88,EMIRATES
2025-10-14 10:00:00,sell,25.4,54,35.09999999999992,vwap_exit,24.88,EMIRATES
2025-10-14 10:00:00,sell,25.4,84,54.59999999999988,vwap_exit,24.88,EMIRATES
2025-10-14 10:00:00,sell,25.4,500,324.9999999999993,vwap_exit,24.88,EMIRATES
2025-10-14 10:00:00,sell,25.4,200,129.99999999999972,vwap_exit,24.88,EMIRATES
2025-10-14 10:00:00,sell,25.4,84,54.59999999999988,vwap_exit,24.88,EMIRATES
2025-10-14 10:00:00,sell,25.4,200,129.99999999999972,vwap_exit,24.88,EMIRATES
2025-10-14 10:00:00,sell,25.4,99,64.34999999999985,vwap_exit,24.88,EMIRATES
2025-10-14 10:00:00,sell,25.4,17,11.049999999999976,vwap_exit,24.88,EMIRATES
2025-10-14 10:00:00,sell,25.4,148,96.19999999999979,vwap_exit,24.88,EMIRATES
2025-10-14 10:03:13,sell,25.3,200,110.00000000000014,vwap_exit,24.88,EMIRATES
2025-10-14 10:04:57,sell,25.25,5000,2500.0,vwap_exit,24.88,EMIRATES
2025-10-14 10:04:57,sell,25.25,1500,750.0,vwap_exit,24.88,EMIRATES
2025-10-14 10:05:01,sell,25.25,1623,811.5,vwap_exit,24.88,EMIRATES
2025-10-14 10:05:54,sell,25.25,1500,750.0,vwap_exit,24.88,EMIRATES
2025-10-14 10:06:30,sell,25.15,2756,1102.399999999996,vwap_exit,24.88,EMIRATES
2025-10-14 10:06:30,sell,25.15,7244,2897.59999999999,vwap_exit,24.88,EMIRATES
2025-10-14 10:06:46,sell,25.15,500,199.9999999999993,vwap_exit,24.88,EMIRATES
2025-10-14 10:08:14,sell,25.25,294,147.0,vwap_exit,24.88,EMIRATES
2025-10-14 10:09:21,sell,25.15,250,99.99999999999964,vwap_exit,24.88,EMIRATES
2025-10-14 10:10:31,sell,25.25,1000,500.0,vwap_exit,24.88,EMIRATES
2025-10-14 10:10:50,sell,25.25,2817,1408.5,vwap_exit,24.88,EMIRATES
2025-10-14 14:55:00,sell,25.7,39149,0.0,auction_entry,25.54374121346922,EMIRATES
2025-10-15 14:55:00,buy,25.8,39149,-3914.9000000000556,eod_flatten,25.54,EMIRATES
2025-10-16 14:55:00,sell,27.1,37119,0.0,auction_entry,26.94031832339123,EMIRATES
2025-10-17 10:21:09,buy,26.9,5,1.0000000000000142,vwap_exit,26.94,EMIRATES
2025-10-17 10:22:56,buy,26.9,100,20.000000000000284,vwap_exit,26.94,EMIRATES
2025-10-17 10:24:37,buy,26.9,1695,339.00000000000483,vwap_exit,26.94,EMIRATES
2025-10-17 10:35:04,buy,26.9,3200,640.0000000000091,vwap_exit,26.94,EMIRATES
2025-10-17 10:35:04,buy,26.9,711,142.20000000000203,vwap_exit,26.94,EMIRATES
2025-10-17 10:35:12,buy,26.9,1680,336.0000000000048,vwap_exit,26.94,EMIRATES
2025-10-17 10:35:12,buy,26.9,775,155.00000000000222,vwap_exit,26.94,EMIRATES
2025-10-17 10:35:12,buy,26.9,89,17.800000000000253,vwap_exit,26.94,EMIRATES
2025-10-17 10:35:18,buy,26.9,13,2.600000000000037,vwap_exit,26.94,EMIRATES
2025-10-17 10:52:03,buy,26.9,100,20.000000000000284,vwap_exit,26.94,EMIRATES
2025-10-17 10:52:11,buy,26.9,8999,1799.8000000000256,vwap_exit,26.94,EMIRATES
2025-10-17 10:52:11,buy,26.9,1209,241.80000000000342,vwap_exit,26.94,EMIRATES
2025-10-17 10:52:11,buy,26.9,1442,288.40000000000407,vwap_exit,26.94,EMIRATES
2025-10-17 10:52:11,buy,26.9,72,14.400000000000205,vwap_exit,26.94,EMIRATES
2025-10-17 10:52:11,buy,26.9,102,20.40000000000029,vwap_exit,26.94,EMIRATES
2025-10-17 10:52:11,buy,26.9,526,105.2000000000015,vwap_exit,26.94,EMIRATES
2025-10-17 10:52:11,buy,26.9,150,30.000000000000426,vwap_exit,26.94,EMIRATES
2025-10-17 10:52:31,buy,26.85,100,25.0,vwap_exit,26.94,EMIRATES
2025-10-17 10:52:52,buy,26.9,1000,200.00000000000284,vwap_exit,26.94,EMIRATES
2025-10-17 10:53:01,buy,26.9,178,35.600000000000506,vwap_exit,26.94,EMIRATES
2025-10-17 10:53:01,buy,26.9,22,4.4000000000000625,vwap_exit,26.94,EMIRATES
2025-10-17 10:53:03,buy,26.9,254,50.80000000000072,vwap_exit,26.94,EMIRATES
2025-10-17 10:54:39,buy,26.9,1000,200.00000000000284,vwap_exit,26.94,EMIRATES
2025-10-17 10:57:13,buy,26.85,478,119.5,vwap_exit,26.94,EMIRATES
2025-10-17 10:57:13,buy,26.85,4522,1130.5,vwap_exit,26.94,EMIRATES
2025-10-17 10:57:44,buy,26.9,120,24.00000000000034,vwap_exit,26.94,EMIRATES
2025-10-17 10:57:44,buy,26.9,880,176.0000000000025,vwap_exit,26.94,EMIRATES
2025-10-17 10:57:45,buy,26.85,395,98.75,vwap_exit,26.94,EMIRATES
2025-10-17 10:57:45,buy,26.85,605,151.25,vwap_exit,26.94,EMIRATES
2025-10-17 10:57:45,buy,26.85,522,130.5,vwap_exit,26.94,EMIRATES
2025-10-17 10:57:45,buy,26.85,478,119.5,vwap_exit,26.94,EMIRATES
2025-10-17 10:57:46,buy,26.85,1000,250.0,vwap_exit,26.94,EMIRATES
2025-10-17 10:57:47,buy,26.85,49,12.25,vwap_exit,26.94,EMIRATES
2025-10-17 10:57:51,buy,26.8,100,30.00000000000007,vwap_exit,26.94,EMIRATES
2025-10-17 10:57:56,buy,26.85,1250,312.5,vwap_exit,26.94,EMIRATES
2025-10-17 10:58:01,buy,26.8,50,15.000000000000036,vwap_exit,26.94,EMIRATES
2025-10-17 10:58:01,buy,26.8,50,15.000000000000036,vwap_exit,26.94,EMIRATES
2025-10-17 10:58:27,buy,26.85,100,25.0,vwap_exit,26.94,EMIRATES
2025-10-17 10:58:37,buy,26.9,100,20.000000000000284,vwap_exit,26.94,EMIRATES
2025-10-17 10:59:04,buy,26.9,455,91.0000000000013,vwap_exit,26.94,EMIRATES
2025-10-17 10:59:04,buy,26.9,1081,216.20000000000306,vwap_exit,26.94,EMIRATES
2025-10-17 10:59:10,buy,26.85,1462,365.5,vwap_exit,26.94,EMIRATES
2025-10-17 14:55:00,sell,26.8,34584,0.0,auction_entry,26.664272728175888,EMIRATES
2025-10-20 10:06:58,buy,26.55,5000,1250.0,vwap_exit,26.66,EMIRATES
2025-10-20 10:06:58,buy,26.55,4502,1125.5,vwap_exit,26.66,EMIRATES
2025-10-20 10:06:58,buy,26.5,95,28.500000000000068,vwap_exit,26.66,EMIRATES
2025-10-20 10:06:58,buy,26.6,926,185.19999999999933,vwap_exit,26.66,EMIRATES
2025-10-20 10:06:58,buy,26.6,200,39.99999999999986,vwap_exit,26.66,EMIRATES
2025-10-20 10:06:58,buy,26.6,1000,199.9999999999993,vwap_exit,26.66,EMIRATES
2025-10-20 10:06:58,buy,26.55,1000,250.0,vwap_exit,26.66,EMIRATES
2025-10-20 10:07:52,buy,26.55,2000,500.0,vwap_exit,26.66,EMIRATES
2025-10-20 10:09:20,buy,26.65,5000,750.0000000000107,vwap_exit,26.66,EMIRATES
2025-10-20 10:09:20,buy,26.65,872,130.80000000000186,vwap_exit,26.66,EMIRATES
2025-10-20 10:09:20,buy,26.65,1179,176.85000000000252,vwap_exit,26.66,EMIRATES
2025-10-20 10:09:20,buy,26.65,100,15.000000000000213,vwap_exit,26.66,EMIRATES
2025-10-20 10:09:20,buy,26.65,698,104.7000000000015,vwap_exit,26.66,EMIRATES
2025-10-20 10:09:20,buy,26.65,971,145.65000000000208,vwap_exit,26.66,EMIRATES
2025-10-20 10:09:20,buy,26.65,678,101.70000000000144,vwap_exit,26.66,EMIRATES
2025-10-20 10:09:20,buy,26.65,532,79.80000000000113,vwap_exit,26.66,EMIRATES
2025-10-20 10:09:36,buy,26.65,6000,900.0000000000127,vwap_exit,26.66,EMIRATES
2025-10-20 10:09:38,buy,26.65,298,44.700000000000635,vwap_exit,26.66,EMIRATES
2025-10-20 10:13:41,buy,26.6,200,39.99999999999986,vwap_exit,26.66,EMIRATES
2025-10-20 10:15:43,buy,26.65,230,34.50000000000049,vwap_exit,26.66,EMIRATES
2025-10-20 10:15:43,buy,26.65,443,66.45000000000094,vwap_exit,26.66,EMIRATES
2025-10-20 10:15:43,buy,26.65,237,35.55000000000051,vwap_exit,26.66,EMIRATES
2025-10-20 10:25:02,buy,26.65,90,13.500000000000192,vwap_exit,26.66,EMIRATES
2025-10-20 10:25:02,buy,26.65,598,89.70000000000127,vwap_exit,26.66,EMIRATES
2025-10-20 10:28:12,buy,26.65,299,44.850000000000634,vwap_exit,26.66,EMIRATES
2025-10-20 10:29:08,buy,26.65,30,4.500000000000064,vwap_exit,26.66,EMIRATES
2025-10-20 10:29:08,buy,26.65,470,70.500000000001,vwap_exit,26.66,EMIRATES
2025-10-20 10:29:08,buy,26.65,204,30.600000000000435,vwap_exit,26.66,EMIRATES
2025-10-20 10:29:08,buy,26.65,250,37.50000000000053,vwap_exit,26.66,EMIRATES
2025-10-20 10:29:08,buy,26.65,43,6.450000000000092,vwap_exit,26.66,EMIRATES
2025-10-20 10:29:08,buy,26.65,34,5.1000000000000725,vwap_exit,26.66,EMIRATES
2025-10-20 10:29:08,buy,26.65,26,3.9000000000000554,vwap_exit,26.66,EMIRATES
2025-10-20 10:29:40,buy,26.65,379,56.850000000000804,vwap_exit,26.66,EMIRATES
2025-10-20 14:55:00,buy,26.05,38191,0.0,auction_entry,26.183959243324896,EMIRATES
2025-10-21 10:00:33,sell,26.3,100,25.0,vwap_exit,26.18,EMIRATES
2025-10-21 10:01:33,sell,26.35,67,20.100000000000048,vwap_exit,26.18,EMIRATES
2025-10-21 10:01:33,sell,26.35,349,104.70000000000024,vwap_exit,26.18,EMIRATES
2025-10-21 10:01:33,sell,26.35,474,142.20000000000033,vwap_exit,26.18,EMIRATES
2025-10-21 10:01:33,sell,26.35,1577,473.1000000000011,vwap_exit,26.18,EMIRATES
2025-10-21 10:01:33,sell,26.35,7,2.100000000000005,vwap_exit,26.18,EMIRATES
2025-10-21 10:01:48,sell,26.2,1683,252.4499999999976,vwap_exit,26.18,EMIRATES
2025-10-21 10:01:48,sell,26.25,148,29.599999999999895,vwap_exit,26.18,EMIRATES
2025-10-21 10:01:48,sell,26.25,100,19.99999999999993,vwap_exit,26.18,EMIRATES
2025-10-21 10:01:48,sell,26.3,203,50.75,vwap_exit,26.18,EMIRATES
2025-10-21 10:01:48,sell,26.3,64,16.0,vwap_exit,26.18,EMIRATES
2025-10-21 10:01:48,sell,26.25,147,29.399999999999896,vwap_exit,26.18,EMIRATES
2025-10-21 10:01:49,sell,26.2,300,44.999999999999574,vwap_exit,26.18,EMIRATES
2025-10-21 10:02:45,sell,26.25,817,163.3999999999994,vwap_exit,26.18,EMIRATES
2025-10-21 10:02:45,sell,26.25,1925,384.99999999999864,vwap_exit,26.18,EMIRATES
2025-10-21 10:02:45,sell,26.25,217,43.39999999999985,vwap_exit,26.18,EMIRATES
2025-10-21 10:02:45,sell,26.2,70,10.4999999999999,vwap_exit,26.18,EMIRATES
2025-10-21 10:02:45,sell,26.2,1433,214.94999999999797,vwap_exit,26.18,EMIRATES
2025-10-21 10:02:45,sell,26.2,2355,353.24999999999665,vwap_exit,26.18,EMIRATES
2025-10-21 10:02:46,sell,26.25,142,28.3999999999999,vwap_exit,26.18,EMIRATES
2025-10-21 10:03:01,sell,26.25,98,19.59999999999993,vwap_exit,26.18,EMIRATES
2025-10-21 10:03:01,sell,26.25,176,35.199999999999875,vwap_exit,26.18,EMIRATES
2025-10-21 10:03:01,sell,26.25,3824,764.7999999999972,vwap_exit,26.18,EMIRATES
2025-10-21 10:03:01,sell,26.25,539,107.79999999999961,vwap_exit,26.18,EMIRATES
2025-10-21 10:03:38,sell,26.2,77,11.54999999999989,vwap_exit,26.18,EMIRATES
2025-10-21 10:04:45,sell,26.25,1134,226.7999999999992,vwap_exit,26.18,EMIRATES
2025-10-21 10:04:45,sell,26.25,1994,398.7999999999986,vwap_exit,26.18,EMIRATES
2025-10-21 10:04:45,sell,26.25,978,195.5999999999993,vwap_exit,26.18,EMIRATES
2025-10-21 10:04:45,sell,26.25,381,76.19999999999973,vwap_exit,26.18,EMIRATES
2025-10-21 10:04:45,sell,26.25,4187,837.399999999997,vwap_exit,26.18,EMIRATES
2025-10-21 10:04:46,sell,26.3,167,41.75,vwap_exit,26.18,EMIRATES
2025-10-21 10:04:46,sell,26.3,1228,307.0,vwap_exit,26.18,EMIRATES
2025-10-21 10:05:43,sell,26.3,71,17.75,vwap_exit,26.18,EMIRATES
2025-10-21 10:05:53,sell,26.25,65,12.999999999999954,vwap_exit,26.18,EMIRATES
2025-10-21 10:05:53,sell,26.25,4935,986.9999999999965,vwap_exit,26.18,EMIRATES
2025-10-21 10:05:53,sell,26.3,667,166.75,vwap_exit,26.18,EMIRATES
2025-10-21 10:05:55,sell,26.3,375,93.75,vwap_exit,26.18,EMIRATES
2025-10-21 10:05:55,sell,26.3,982,245.5,vwap_exit,26.18,EMIRATES
2025-10-21 10:05:55,sell,26.3,1510,377.5,vwap_exit,26.18,EMIRATES
2025-10-21 10:06:03,sell,26.3,560,140.0,vwap_exit,26.18,EMIRATES
2025-10-21 10:06:03,sell,26.3,72,18.0,vwap_exit,26.18,EMIRATES
2025-10-21 10:06:05,sell,26.35,201,60.30000000000014,vwap_exit,26.18,EMIRATES
2025-10-21 10:06:05,sell,26.35,600,180.00000000000043,vwap_exit,26.18,EMIRATES
2025-10-21 10:06:05,sell,26.3,448,112.0,vwap_exit,26.18,EMIRATES
2025-10-21 10:06:05,sell,26.3,744,186.0,vwap_exit,26.18,EMIRATES
